Credit_History,ApplicantIncome,CoapplicantIncome,ApplicantIncome_log,CoapplicantIncome_log,TotalIncome,Log_TotalIncome,Income_Category_Medium,Income_Category_High,Income_Category_Very High,Income_Category_Code_2,Income_Category_Code_3,Income_Category_Code_4
0.0,-1.3760788887883937,0.3142003464038698,-2.038775897994699,0.8599592801867221,-1.1073613984951114,-1.3196203351870628,-1.2985112193821482,-0.4056562116192928,-0.29792179586210904,-1.2985112193821482,-0.4056562116192928,-0.29792179586210904
0.0,0.4727974328571552,-0.8583212237019568,0.5568085043851175,-1.089202623230203,-0.09161988552280241,0.10828766723281757,0.7701127145253435,-0.4056562116192928,-0.29792179586210904,0.7701127145253435,-0.4056562116192928,-0.29792179586210904
0.0,-0.7487594121754888,-0.8583212237019568,-0.7059126682216159,-1.089202623230203,-1.2501142597777062,-1.6087522705825634,0.7701127145253435,-0.4056562116192928,-0.29792179586210904,0.7701127145253435,-0.4056562116192928,-0.29792179586210904
0.0,0.9839160044415655,-0.8583212237019568,0.9010146495455295,-1.089202623230203,0.3931123577334809,0.5763801925374873,-1.2985112193821482,2.4651415936864716,-0.29792179586210904,-1.2985112193821482,2.4651415936864716,-0.29792179586210904
0.0,0.35659652782866064,0.4768947269448696,0.46840941891020715,0.8935319445892199,0.6382237266939802,0.782799919484876,0.7701127145253435,-0.4056562116192928,-0.29792179586210904,0.7701127145253435,-0.4056562116192928,-0.29792179586210904
0.0,0.46452690580886374,-0.8583212237019568,0.5506586096079796,-1.089202623230203,-0.09946344932953839,0.09992443874514981,0.7701127145253435,-0.4056562116192928,-0.29792179586210904,0.7701127145253435,-0.4056562116192928,-0.29792179586210904
0.0,-0.8260888400770136,-0.13087163714507236,-0.8258040732388437,0.7366408106730884,-0.8657796332476433,-0.8969570834966087,0.7701127145253435,-0.4056562116192928,-0.29792179586210904,0.7701127145253435,-0.4056562116192928,-0.29792179586210904
0.0,-0.23681378788624935,-0.8583212237019568,-0.06669581893943533,-1.089202623230203,-0.7645976601407491,-0.7395864000414714,0.7701127145253435,-0.4056562116192928,-0.29792179586210904,0.7701127145253435,-0.4056562116192928,-0.29792179586210904
0.0,-0.6412425605477002,0.2506186344683066,-0.5514970285156694,0.8455548678896615,-0.45046292968097335,-0.3070799040842249,0.7701127145253435,-0.4056562116192928,-0.29792179586210904,0.7701127145253435,-0.4056562116192928,-0.29792179586210904
0.0,-0.5399286042061302,0.700054068836356,-0.417220075218335,0.933467036716031,-0.07161879781562568,0.12948515832338653,0.7701127145253435,-0.4056562116192928,-0.29792179586210904,0.7701127145253435,-0.4056562116192928,-0.29792179586210904
0.0,-0.39602143356585934,0.18142677147960554,-0.2422580029212828,0.8289099692249657,-0.2614330419386363,-0.07950556239475523,0.7701127145253435,-0.4056562116192928,-0.29792179586210904,0.7701127145253435,-0.4056562116192928,-0.29792179586210904
,-0.8008637325797248,0.10288465673567455,-0.7858086047737705,0.8086182293058177,-0.694789942260799,-0.6366379954071173,0.7701127145253435,-0.4056562116192928,-0.29792179586210904,0.7701127145253435,-0.4056562116192928,-0.29792179586210904
0.0,0.6936205050465363,-0.23497110668663165,0.7136733577641329,0.6967549772924508,0.509981458453847,0.6769796242975468,-1.2985112193821482,2.4651415936864716,-0.29792179586210904,-1.2985112193821482,2.4651415936864716,-0.29792179586210904
0.0,-0.8707496861377874,1.3234041858516812,-0.898877339236406,1.0204177431838852,0.006816840251734087,0.21088113934798888,0.7701127145253435,-0.4056562116192928,-0.29792179586210904,0.7701127145253435,-0.4056562116192928,-0.29792179586210904
0.0,-0.45680980737080135,0.13280546235241017,-0.31409575844973764,0.8165373610691041,-0.349673134764416,-0.1831055207572586,0.7701127145253435,-0.4056562116192928,-0.29792179586210904,0.7701127145253435,-0.4056562116192928,-0.29792179586210904
0.0,-0.3162108475498471,0.5978246496458427,-0.15210412385874894,0.9159344588076288,0.07623237994134748,0.2807210519408018,0.7701127145253435,-0.4056562116192928,-0.29792179586210904,0.7701127145253435,-0.4056562116192928,-0.29792179586210904
0.0,-0.9121023213792444,-0.8583212237019568,-0.9692965618463703,-1.089202623230203,-1.4050246449607418,-1.9668555644597254,-1.2985112193821482,-0.4056562116192928,-0.29792179586210904,-1.2985112193821482,-0.4056562116192928,-0.29792179586210904
0.0,-0.06561387798661679,-0.8583212237019568,0.10470622699730045,-1.089202623230203,-0.6022358893413144,-0.5065109979397445,0.7701127145253435,-0.4056562116192928,-0.29792179586210904,0.7701127145253435,-0.4056562116192928,-0.29792179586210904
0.0,-0.3261354800077968,-0.8583212237019568,-0.1630715900289882,-1.089202623230203,-0.8493081492534977,-0.8706374718089595,0.7701127145253435,-0.4056562116192928,-0.29792179586210904,0.7701127145253435,-0.4056562116192928,-0.29792179586210904
,0.25941783501123633,-0.15331224135762406,0.3909856071382116,0.7285477742215214,0.14956970153432886,0.3523993171574162,0.7701127145253435,-0.4056562116192928,-0.29792179586210904,0.7701127145253435,-0.4056562116192928,-0.29792179586210904
0.0,0.3284767358644698,-0.8583212237019568,0.4463471099289052,-1.089202623230203,-0.2284900739503452,-0.041927779742194554,0.7701127145253435,-0.4056562116192928,-0.29792179586210904,0.7701127145253435,-0.4056562116192928,-0.29792179586210904
0.0,-0.6073333996497053,-0.8583212237019568,-0.5054282552626906,-1.089202623230203,-1.115989318682521,-1.336156356293842,0.7701127145253435,-0.4056562116192928,-0.29792179586210904,0.7701127145253435,-0.4056562116192928,-0.29792179586210904
0.0,-0.701203881647813,1.0965047432581028,-0.635970580885459,0.9920384634768886,0.024857037007226832,0.229224591901058,0.7701127145253435,-0.4056562116192928,-0.29792179586210904,0.7701127145253435,-0.4056562116192928,-0.29792179586210904
0.0,-0.5374474460916427,1.8950162431547344,-0.4140544087653721,1.0805562839898304,0.6825398622020384,0.8183271398876635,0.7701127145253435,-0.4056562116192928,-0.29792179586210904,0.7701127145253435,-0.4056562116192928,-0.29792179586210904
0.0,-0.9625525363738222,-0.8583212237019568,-1.0591251031374365,-1.089202623230203,-1.4528703841818311,-2.0889840287132717,-1.2985112193821482,-0.4056562116192928,-0.29792179586210904,-1.2985112193821482,-0.4056562116192928,-0.29792179586210904
0.0,-1.1970219781928841,0.18018007124557486,-1.5481736167354607,0.8286000094280394,-1.0218665530016893,-1.161545231315719,-1.2985112193821482,-0.4056562116192928,-0.29792179586210904,-1.2985112193821482,-0.4056562116192928,-0.29792179586210904
0.0,-0.33233837529401533,0.18018007124557486,-0.16996043346437467,0.8286000094280394,-0.20182195700744288,-0.011925577167165425,0.7701127145253435,-0.4056562116192928,-0.29792179586210904,0.7701127145253435,-0.4056562116192928,-0.29792179586210904
0.0,-0.8707496861377874,0.700054068836356,-0.898877339236406,0.933467036716031,-0.3853613500850647,-0.2262869606498637,0.7701127145253435,-0.4056562116192928,-0.29792179586210904,0.7701127145253435,-0.4056562116192928,-0.29792179586210904
0.0,-1.0895051265650957,-0.38831523547240165,-1.3073083390015972,0.6238465887962124,-1.277566733101282,-1.6685050674060693,-1.2985112193821482,-0.4056562116192928,-0.29792179586210904,-1.2985112193821482,-0.4056562116192928,-0.29792179586210904
0.0,-0.4584639127804596,0.48624497870009953,-0.316091268546542,0.8953350658709087,-0.1288768136047983,0.06830474367726805,0.7701127145253435,-0.4056562116192928,-0.29792179586210904,0.7701127145253435,-0.4056562116192928,-0.29792179586210904
0.0,-0.5544020265406402,0.33664095061642146,-0.43579854131337264,0.8648574434796352,-0.31398491944376733,-0.1406743835850926,0.7701127145253435,-0.4056562116192928,-0.29792179586210904,0.7701127145253435,-0.4056562116192928,-0.29792179586210904
0.0,-0.7541352547568781,0.29051304195728744,-0.7139933397538059,0.8546862875375253,-0.5324281714613643,-0.4127563874875056,0.7701127145253435,-0.4056562116192928,-0.29792179586210904,0.7701127145253435,-0.4056562116192928,-0.29792179586210904
0.0,-1.349613202233861,-0.8583212237019568,-1.9572658438944224,-1.089202623230203,-1.819949170337075,-3.3099066255051066,-1.2985112193821482,-0.4056562116192928,-0.29792179586210904,-1.2985112193821482,-0.4056562116192928,-0.29792179586210904
0.0,0.12171355965718407,-0.8583212237019568,0.2752214921359293,-1.089202623230203,-0.4245791691187446,-0.274636596420936,0.7701127145253435,-0.4056562116192928,-0.29792179586210904,0.7701127145253435,-0.4056562116192928,-0.29792179586210904
,-1.1684886598762787,-0.8583212237019568,-1.4810367019105852,-1.089202623230203,-1.648175122969557,-2.6625670542131434,-1.2985112193821482,-0.4056562116192928,-0.29792179586210904,-1.2985112193821482,-0.4056562116192928,-0.29792179586210904
0.0,-1.1188654975865302,-0.8583212237019568,-1.369941888017819,-1.089202623230203,-1.601113740129141,-2.511541483193264,-1.2985112193821482,-0.4056562116192928,-0.29792179586210904,-1.2985112193821482,-0.4056562116192928,-0.29792179586210904
0.0,0.018331971553541212,-0.8583212237019568,0.1831264325239591,-1.089202623230203,-0.5226237167029443,-0.3998722153005919,0.7701127145253435,-0.4056562116192928,-0.29792179586210904,0.7701127145253435,-0.4056562116192928,-0.29792179586210904
0.0,-0.6362802443187253,0.5647870934440304,-0.5446809746805198,0.9100043821504993,-0.24809898346718515,-0.06422578283009721,0.7701127145253435,-0.4056562116192928,-0.29792179586210904,0.7701127145253435,-0.4056562116192928,-0.29792179586210904
0.0,-0.6300773490325068,0.9599910676317466,-0.5361971345541857,0.9733307455986873,0.006424662061397288,0.21048083439968762,0.7701127145253435,-0.4056562116192928,-0.29792179586210904,0.7701127145253435,-0.4056562116192928,-0.29792179586210904
0.0,0.700650453037584,-0.8583212237019568,0.7184488937753268,-1.089202623230203,0.12447029735277373,0.3281037862468776,-1.2985112193821482,2.4651415936864716,-0.29792179586210904,-1.2985112193821482,2.4651415936864716,-0.29792179586210904
0.0,-1.1705562916383516,0.3104602457017778,-1.4858182227785561,0.8591338198589314,-0.9148019070397432,-0.9770108076333001,-1.2985112193821482,-0.4056562116192928,-0.29792179586210904,-1.2985112193821482,-0.4056562116192928,-0.29792179586210904
0.0,-1.0651070717726359,2.7216564170816824,-1.2568731535551834,1.1869272579298422,0.7021977939926705,0.8339224660982159,-1.2985112193821482,-0.4056562116192928,-0.29792179586210904,-1.2985112193821482,-0.4056562116192928,-0.29792179586210904
0.0,-0.683835774846401,-0.21627060317617192,-0.6110908290889197,0.7043885961192706,-0.7845987478479259,-0.769900791232946,0.7701127145253435,-0.4056562116192928,-0.29792179586210904,0.7701127145253435,-0.4056562116192928,-0.29792179586210904
0.0,-0.6337990862042379,-0.8583212237019568,-0.5412826266159254,-1.089202623230203,-1.141088722864076,-1.3849077760635473,0.7701127145253435,-0.4056562116192928,-0.29792179586210904,0.7701127145253435,-0.4056562116192928,-0.29792179586210904
0.0,1.1352666494252985,-0.8583212237019568,0.9914490595275438,-1.089202623230203,0.5366495753967493,0.6993658827806473,-1.2985112193821482,2.4651415936864716,-0.29792179586210904,-1.2985112193821482,2.4651415936864716,-0.29792179586210904
0.0,-1.0940539164416558,0.5186591847848965,-1.316870240212835,0.9014902718908474,-0.7112614262549446,-0.6605408974796723,-1.2985112193821482,-0.4056562116192928,-0.29792179586210904,-1.2985112193821482,-0.4056562116192928,-0.29792179586210904
0.0,0.8970754704345054,-0.8583212237019568,0.8469924361003555,-1.089202623230203,0.31075493776275315,0.5029134475164277,-1.2985112193821482,2.4651415936864716,-0.29792179586210904,-1.2985112193821482,2.4651415936864716,-0.29792179586210904
0.0,2.2601617095810367,-0.8583212237019568,2.1971152161564147,-1.089202623230203,1.6034722976604263,1.4592885899459485,-1.2985112193821482,-0.4056562116192928,3.356585566713095,-1.2985112193821482,-0.4056562116192928,3.356585566713095
0.0,-0.15410851740333506,0.270565838212797,0.018151530245344886,0.8501608951280031,0.024072680626553235,0.22842990906566113,0.7701127145253435,-0.4056562116192928,-0.29792179586210904,0.7701127145253435,-0.4056562116192928,-0.29792179586210904
0.0,2.2601617095810367,-0.8583212237019568,2.4255825648628533,-1.089202623230203,1.6034722976604263,1.4592885899459485,-1.2985112193821482,-0.4056562116192928,3.356585566713095,-1.2985112193821482,-0.4056562116192928,3.356585566713095
0.0,-0.35384174561957304,-0.24556805867589218,-0.19404849375268066,0.692327050923202,-0.49007292690499005,-0.35757778150059244,0.7701127145253435,-0.4056562116192928,-0.29792179586210904,0.7701127145253435,-0.4056562116192928,-0.29792179586210904
0.0,1.4999968922549505,1.115828596885578,1.1923166594021657,0.9945804981178575,2.1245790680704477,1.7591017131606288,-1.2985112193821482,2.4651415936864716,-0.29792179586210904,-1.2985112193821482,2.4651415936864716,-0.29792179586210904
0.0,0.12171355965718407,1.4275036553932405,0.2752214921359293,1.0324636036198604,1.0135382548462966,1.0684970529890518,0.7701127145253435,-0.4056562116192928,-0.29792179586210904,0.7701127145253435,-0.4056562116192928,-0.29792179586210904
0.0,0.555916229692484,1.842654833325447,0.6174727277218843,1.07559394218576,1.6865160294642434,1.5096017128698072,-1.2985112193821482,2.4651415936864716,-0.29792179586210904,-1.2985112193821482,2.4651415936864716,-0.29792179586210904
,0.5352399120717555,-0.8583212237019568,0.6025725590145897,-1.089202623230203,-0.0324009787819458,0.17052225793662928,0.7701127145253435,-0.4056562116192928,-0.29792179586210904,0.7701127145253435,-0.4056562116192928,-0.29792179586210904
0.0,-0.2231674182565685,2.7216564170816824,-0.05241687133104013,1.207203896678311,1.500672589518393,1.3955350328777891,0.7701127145253435,-0.4056562116192928,-0.29792179586210904,0.7701127145253435,-0.4056562116192928,-0.29792179586210904
0.0,-0.2231674182565685,-0.8583212237019568,-0.05241687133104013,-1.089202623230203,-0.7516557798596348,-0.7201698440878721,0.7701127145253435,-0.4056562116192928,-0.29792179586210904,0.7701127145253435,-0.4056562116192928,-0.29792179586210904
0.0,1.0864705398403791,-0.8583212237019568,0.962787157186914,-1.089202623230203,0.49037254893700705,0.6603872222980915,-1.2985112193821482,2.4651415936864716,-0.29792179586210904,-1.2985112193821482,2.4651415936864716,-0.29792179586210904
0.0,-0.8670279489660562,1.2916133298838997,-0.8926730173694254,1.016624313460374,-0.009654643742411463,0.1940115765526165,0.7701127145253435,-0.4056562116192928,-0.29792179586210904,0.7701127145253435,-0.4056562116192928,-0.29792179586210904
0.0,-0.8434569468784257,1.8220842794639414,-0.8538691482093064,1.0736180871678487,0.34644315308340184,0.5350207495981523,0.7701127145253435,-0.4056562116192928,-0.29792179586210904,0.7701127145253435,-0.4056562116192928,-0.29792179586210904
0.0,2.0073937266676296,-0.8583212237019568,1.4389485743693249,-1.089202623230203,1.363753378817058,1.3079514238893692,-1.2985112193821482,2.4651415936864716,-0.29792179586210904,-1.2985112193821482,2.4651415936864716,-0.29792179586210904
0.0,-0.25252778927800307,1.290366629649869,-0.08328015681777068,1.0164744112006416,0.572337790717398,0.7290064587562274,0.7701127145253435,-0.4056562116192928,-0.29792179586210904,0.7701127145253435,-0.4056562116192928,-0.29792179586210904
,2.2601617095810367,2.7216564170816824,2.4255825648628533,1.1869660290494748,3.855800667038454,2.5524090047150114,-1.2985112193821482,-0.4056562116192928,3.356585566713095,-1.2985112193821482,-0.4056562116192928,3.356585566713095
0.0,1.6377011676090028,2.2478324093854085,1.262669584227643,1.1117181176356103,2.9673699991042284,2.177440161159924,-1.2985112193821482,2.4651415936864716,-0.29792179586210904,-1.2985112193821482,2.4651415936864716,-0.29792179586210904
0.0,-0.7322183580789059,-0.8583212237019568,-0.6812747512562729,-1.089202623230203,-1.2344271321642342,-1.5752529753044737,0.7701127145253435,-0.4056562116192928,-0.29792179586210904,0.7701127145253435,-0.4056562116192928,-0.29792179586210904
0.0,1.3920665142747475,-0.7087171956182787,1.1351810774115956,0.32865270433461446,0.8743149972767331,0.9663761239456858,-1.2985112193821482,2.4651415936864716,-0.29792179586210904,-1.2985112193821482,2.4651415936864716,-0.29792179586210904
0.0,-0.7942473109410916,0.39835261220093865,-0.7754638298847775,0.8778676286059878,-0.5026226289957676,-0.37379741991588294,0.7701127145253435,-0.4056562116192928,-0.29792179586210904,0.7701127145253435,-0.4056562116192928,-0.29792179586210904
0.0,0.0005503383997146419,0.3840155595095862,0.16679877827361017,0.8749029249008385,0.24212375445381337,0.43995635429856245,0.7701127145253435,-0.4056562116192928,-0.29792179586210904,0.7701127145253435,-0.4056562116192928,-0.29792179586210904
0.0,0.4091143745853112,1.739178713900903,0.5089018432902884,1.0654980769327975,1.4821911922987712,1.3838947574009028,0.7701127145253435,-0.4056562116192928,-0.29792179586210904,0.7701127145253435,-0.4056562116192928,-0.29792179586210904
0.0,-0.9910858546904276,-0.07601682684772375,-1.1119929045639707,0.7554185074160644,-0.9877470504423878,-1.101210130888727,-1.2985112193821482,-0.4056562116192928,-0.29792179586210904,-1.2985112193821482,-0.4056562116192928,-0.29792179586210904
0.0,2.2601617095810367,-0.8583212237019568,2.4255825648628533,-1.089202623230203,1.6034722976604263,1.4592885899459485,-1.2985112193821482,-0.4056562116192928,3.356585566713095,-1.2985112193821482,-0.4056562116192928,3.356585566713095
0.0,-1.1978490308977132,0.30609679488267055,-1.5501575506663554,0.8581674395197957,-0.9434309149343295,-1.0250054616404738,-1.2985112193821482,-0.4056562116192928,-0.29792179586210904,-1.2985112193821482,-0.4056562116192928,-0.29792179586210904
0.0,-0.40925427684312565,-0.8583212237019568,-0.2576532528708364,-1.089202623230203,-0.9281359655111943,-0.9992471828218538,0.7701127145253435,-0.4056562116192928,-0.29792179586210904,0.7701127145253435,-0.4056562116192928,-0.29792179586210904
0.0,-0.9207863747799505,-0.8583212237019568,-0.9844421268595113,-1.089202623230203,-1.4132603869578144,-1.9874472411583697,-1.2985112193821482,-0.4056562116192928,-0.29792179586210904,-1.2985112193821482,-0.4056562116192928,-0.29792179586210904
0.0,-0.3951943808610302,2.1025918321208374,-0.2413001687962581,1.0993414343955252,0.9480444970600512,1.0209885274256458,0.7701127145253435,-0.4056562116192928,-0.29792179586210904,0.7701127145253435,-0.4056562116192928,-0.29792179586210904
0.0,1.4863505226252698,-0.8583212237019568,1.1851922370418322,-1.089202623230203,0.8696088589926915,0.9628484088769982,-1.2985112193821482,2.4651415936864716,-0.29792179586210904,-1.2985112193821482,2.4651415936864716,-0.29792179586210904
0.0,-0.5746648178089542,1.3234041858516812,-0.462135652144139,1.0204177431838852,0.28761642453288205,0.48186876027108794,0.7701127145253435,-0.4056562116192928,-0.29792179586210904,0.7701127145253435,-0.4056562116192928,-0.29792179586210904
0.0,0.5108418572792958,1.7796964715068992,0.5848298233110722,1.0694983754415888,1.6041586094935156,1.4597086777351864,0.7701127145253435,-0.4056562116192928,-0.29792179586210904,0.7701127145253435,-0.4056562116192928,-0.29792179586210904
0.0,-0.7566164128713656,0.1141049588419504,-0.7177351820767552,0.8116164046108592,-0.6457676684686992,-0.5668521194065349,0.7701127145253435,-0.4056562116192928,-0.29792179586210904,0.7701127145253435,-0.4056562116192928,-0.29792179586210904
0.0,0.34170957914173605,2.0390101201852744,0.456763150888101,1.0937310744357944,1.6069038568258733,1.4613883066219777,0.7701127145253435,-0.4056562116192928,-0.29792179586210904,0.7701127145253435,-0.4056562116192928,-0.29792179586210904
0.0,-0.8777796341288351,0.6115383522201798,-0.9106554329573127,0.9183565981942405,-0.44771768234861575,-0.3036184430771411,0.7701127145253435,-0.4056562116192928,-0.29792179586210904,0.7701127145253435,-0.4056562116192928,-0.29792179586210904
0.0,-0.1330186734301919,0.25934553610652117,0.039160938546296244,0.8475801105680522,0.037014560907667596,0.24150922150314652,0.7701127145253435,-0.4056562116192928,-0.29792179586210904,0.7701127145253435,-0.4056562116192928,-0.29792179586210904
0.0,2.2601617095810367,-0.8583212237019568,2.0266297086247733,-1.089202623230203,1.6034722976604263,1.4592885899459485,-1.2985112193821482,-0.4056562116192928,3.356585566713095,-1.2985112193821482,-0.4056562116192928,3.356585566713095
0.0,1.0314715349692412,-0.8583212237019568,0.9299236258932533,-1.089202623230203,0.4382128496222128,0.6156946747371715,-1.2985112193821482,2.4651415936864716,-0.29792179586210904,-1.2985112193821482,2.4651415936864716,-0.29792179586210904
0.0,1.189852127944022,-0.8583212237019568,1.0229785012850314,-1.089202623230203,0.5884170965212068,0.7422443405273279,-1.2985112193821482,2.4651415936864716,-0.29792179586210904,-1.2985112193821482,2.4651415936864716,-0.29792179586210904
0.0,-0.7355265688982224,0.6408358077199001,-0.6861753616675708,0.9234563659620998,-0.2943760099269274,-0.11767063086097572,0.7701127145253435,-0.4056562116192928,-0.29792179586210904,0.7701127145253435,-0.4056562116192928,-0.29792179586210904
,-1.0303708581698119,0.01312223988546774,-1.1874268163793598,0.7832921265212884,-0.9689224973062214,-1.068549043342717,-1.2985112193821482,-0.4056562116192928,-0.29792179586210904,-1.2985112193821482,-0.4056562116192928,-0.29792179586210904
0.0,-0.8219535765528679,-0.8583212237019568,-0.8191860781869374,-1.089202623230203,-1.3195297994673196,-1.7627640017440147,0.7701127145253435,-0.4056562116192928,-0.29792179586210904,0.7701127145253435,-0.4056562116192928,-0.29792179586210904
0.0,-0.9960481709194025,0.09041765439536806,-1.1213483405365294,0.8052456251782478,-0.887741611906504,-0.9324970503025143,-1.2985112193821482,-0.4056562116192928,-0.29792179586210904,-1.2985112193821482,-0.4056562116192928,-0.29792179586210904
0.0,0.09896961027438264,-0.8583212237019568,0.25536200331591813,-1.089202623230203,-0.4461489695872686,-0.30164266600202777,0.7701127145253435,-0.4056562116192928,-0.29792179586210904,0.7701127145253435,-0.4056562116192928,-0.29792179586210904
0.0,-0.6660541416925745,-0.8583212237019568,-0.5859709200553641,-1.089202623230203,-1.1716786217103463,-1.4456703065070415,0.7701127145253435,-0.4056562116192928,-0.29792179586210904,0.7701127145253435,-0.4056562116192928,-0.29792179586210904
0.0,1.2547757652731097,-0.8583212237019568,1.059772482724901,-1.089202623230203,0.6499890724040841,0.7922824333342582,-1.2985112193821482,2.4651415936864716,-0.29792179586210904,-1.2985112193821482,2.4651415936864716,-0.29792179586210904
0.0,-0.7074067769340316,-0.8583212237019568,-0.6449404248110538,-1.089202623230203,-1.2108964407440264,-1.525850204925901,0.7701127145253435,-0.4056562116192928,-0.29792179586210904,0.7701127145253435,-0.4056562116192928,-0.29792179586210904
0.0,0.13908166645859607,0.44011707004096545,0.2902403650199715,0.88631506712208,0.4087994853469529,0.5901266984758712,0.7701127145253435,-0.4056562116192928,-0.29792179586210904,0.7701127145253435,-0.4056562116192928,-0.29792179586210904
0.0,0.990118899727784,-0.8583212237019568,0.904811887530749,-1.089202623230203,0.3989950305885329,0.5815442044673265,-1.2985112193821482,2.4651415936864716,-0.29792179586210904,-1.2985112193821482,2.4651415936864716,-0.29792179586210904
0.0,-0.5328986562150825,0.2325414810748622,-0.4082651438133492,0.8413085607161415,-0.3590854113324992,-0.19442010624082431,0.7701127145253435,-0.4056562116192928,-0.29792179586210904,0.7701127145253435,-0.4056562116192928,-0.29792179586210904
0.0,0.07829329265365406,-0.8583212237019568,0.2371153013066298,-1.089202623230203,-0.4657578791041085,-0.3264555225464591,0.7701127145253435,-0.4056562116192928,-0.29792179586210904,0.7701127145253435,-0.4056562116192928,-0.29792179586210904
0.0,-0.7173314093919814,0.8814489528878157,-0.6593860409836022,0.9619202027958244,-0.12573938808210391,0.07169708363119255,0.7701127145253435,-0.4056562116192928,-0.29792179586210904,0.7701127145253435,-0.4056562116192928,-0.29792179586210904
0.0,0.23171156939946005,0.24750188388323,0.3682858384774048,0.8448277044294051,0.375464339168325,0.5608223123635347,0.7701127145253435,-0.4056562116192928,-0.29792179586210904,0.7701127145253435,-0.4056562116192928,-0.29792179586210904
0.0,-0.5924464509627808,0.27617598926593495,-0.48557043044718134,0.8514416893566562,-0.3881065974174223,-0.2296404525591752,0.7701127145253435,-0.4056562116192928,-0.29792179586210904,0.7701127145253435,-0.4056562116192928,-0.29792179586210904
0.0,-0.7884579420072876,0.5460865899335707,-0.7664607879738919,0.9065864420144976,-0.4041859032212311,-0.24937535321856188,0.7701127145253435,-0.4056562116192928,-0.29792179586210904,0.7701127145253435,-0.4056562116192928,-0.29792179586210904
,0.5695625993221649,1.790916773613175,0.6272395334453722,1.0705952926730313,1.6669071199474035,1.4978145467690664,-1.2985112193821482,2.4651415936864716,-0.29792179586210904,-1.2985112193821482,2.4651415936864716,-0.29792179586210904
0.0,-1.2842760385523588,2.7216564170816824,-1.7705872141892676,1.4709256092461813,0.4943433531141671,0.6637562990404534,-1.2985112193821482,-0.4056562116192928,-0.29792179586210904,-1.2985112193821482,-0.4056562116192928,-0.29792179586210904
,-0.5912058719055371,-0.5566197670665395,-0.4839254829892177,0.5094396889272791,-0.9108801251363752,-0.9705090457212675,0.7701127145253435,-0.4056562116192928,-0.29792179586210904,0.7701127145253435,-0.4056562116192928,-0.29792179586210904
0.0,-0.915410532198561,0.6221353042094404,-0.9750512463393822,0.920212829812761,-0.47673886843353885,-0.34046164231763515,-1.2985112193821482,-0.4056562116192928,-0.29792179586210904,-1.2985112193821482,-0.4056562116192928,-0.29792179586210904
0.0,1.8448778701687032,-0.8583212237019568,1.3635793853009344,-1.089202623230203,1.2096273500146961,1.2054504247722122,-1.2985112193821482,2.4651415936864716,-0.29792179586210904,-1.2985112193821482,2.4651415936864716,-0.29792179586210904
0.0,-0.2231674182565685,-0.8583212237019568,-0.05241687133104013,-1.089202623230203,-0.7516557798596348,-0.7201698440878721,0.7701127145253435,-0.4056562116192928,-0.29792179586210904,0.7701127145253435,-0.4056562116192928,-0.29792179586210904
0.0,-0.7396618324223682,-0.5242055609817425,-0.6923199947174788,0.5357683639252817,-1.0312788295697723,-1.1784551222972177,0.7701127145253435,-0.4056562116192928,-0.29792179586210904,0.7701127145253435,-0.4056562116192928,-0.29792179586210904
0.0,-0.009374294058235071,0.33539425038239085,0.15762068787354033,0.8645877445092507,0.2021215790394599,0.4024984539208355,0.7701127145253435,-0.4056562116192928,-0.29792179586210904,0.7701127145253435,-0.4056562116192928,-0.29792179586210904
0.0,0.14238987727791264,-0.8583212237019568,0.2930869134160963,-1.089202623230203,-0.4049702596019047,-0.2503421229586744,0.7701127145253435,-0.4056562116192928,-0.29792179586210904,0.7701127145253435,-0.4056562116192928,-0.29792179586210904
0.0,1.3622926169008982,-0.8583212237019568,1.119094219946777,-1.089202623230203,0.7519554018916519,0.872957497515328,-1.2985112193821482,2.4651415936864716,-0.29792179586210904,-1.2985112193821482,2.4651415936864716,-0.29792179586210904
0.0,-0.3468117976285253,-0.8583212237019568,-0.18613794048171425,-1.089202623230203,-0.8689170587703376,-0.9020026644890897,0.7701127145253435,-0.4056562116192928,-0.29792179586210904,0.7701127145253435,-0.4056562116192928,-0.29792179586210904
0.0,-0.6710164579215493,-0.8583212237019568,-0.5929458463723642,-1.089202623230203,-1.176384759994388,-1.455154047869393,0.7701127145253435,-0.4056562116192928,-0.29792179586210904,0.7701127145253435,-0.4056562116192928,-0.29792179586210904
0.0,2.2601617095810367,-0.8583212237019568,2.4255825648628533,-1.089202623230203,1.6034722976604263,1.4592885899459485,-1.2985112193821482,-0.4056562116192928,3.356585566713095,-1.2985112193821482,-0.4056562116192928,3.356585566713095
0.0,2.208781060293526,-0.8583212237019568,1.5281584392971739,-1.089202623230203,1.554744157511079,1.4292761207325695,-1.2985112193821482,-0.4056562116192928,3.356585566713095,-1.2985112193821482,-0.4056562116192928,3.356585566713095
,-0.40884075049071106,0.9649778685678693,-0.25717014778927966,0.9740384981001037,0.21937741941427905,0.4187272788776804,0.7701127145253435,-0.4056562116192928,-0.29792179586210904,0.7701127145253435,-0.4056562116192928,-0.29792179586210904
0.0,0.19035893415800292,-0.8583212237019568,0.3338626210249853,-1.089202623230203,-0.35947758952283604,-0.19489268685799932,0.7701127145253435,-0.4056562116192928,-0.29792179586210904,0.7701127145253435,-0.4056562116192928,-0.29792179586210904
0.0,0.7585441423756241,-0.8583212237019568,0.7573011676427801,-1.089202623230203,0.17937524399992558,0.3809397904323392,-1.2985112193821482,2.4651415936864716,-0.29792179586210904,-1.2985112193821482,2.4651415936864716,-0.29792179586210904
0.0,-0.05072692929969221,0.0816907527571535,0.11886545939079683,0.8028583455767085,0.003287236538702897,0.20727603035492054,0.7701127145253435,-0.4056562116192928,-0.29792179586210904,0.7701127145253435,-0.4056562116192928,-0.29792179586210904
0.0,-0.6226338746890445,0.546709940050586,-0.5260691602069679,0.9067011044424877,-0.24653027070583794,-0.06243443095690091,0.7701127145253435,-0.4056562116192928,-0.29792179586210904,0.7701127145253435,-0.4056562116192928,-0.29792179586210904
0.0,-1.1362336043879422,0.6601596613473752,-1.4080480788471152,0.9267658060116243,-0.6622391524628447,-0.5900784117731529,-1.2985112193821482,-0.4056562116192928,-0.29792179586210904,-1.2985112193821482,-0.4056562116192928,-0.29792179586210904
0.0,-1.1573234483610852,0.6159018030392871,-1.4554342503156983,0.9191225437610197,-0.7100848916839342,-0.6588257666600451,-1.2985112193821482,-0.4056562116192928,-0.29792179586210904,-1.2985112193821482,-0.4056562116192928,-0.29792179586210904
0.0,-0.9625525363738222,-0.8583212237019568,-1.0591251031374365,-1.089202623230203,-1.4528703841818311,-2.0889840287132717,-1.2985112193821482,-0.4056562116192928,-0.29792179586210904,-1.2985112193821482,-0.4056562116192928,-0.29792179586210904
,2.2601617095810367,-0.8583212237019568,2.4255825648628533,-1.089202623230203,1.6034722976604263,1.4592885899459485,-1.2985112193821482,-0.4056562116192928,3.356585566713095,-1.2985112193821482,-0.4056562116192928,3.356585566713095
0.0,-0.12640225179155878,-0.8583212237019568,0.045701783757458175,-1.089202623230203,-0.6598860833208239,-0.586746814623914,0.7701127145253435,-0.4056562116192928,-0.29792179586210904,0.7701127145253435,-0.4056562116192928,-0.29792179586210904
0.0,-0.8029313643417976,0.051146597023402574,-0.7890536084128672,0.7943248556576363,-0.7293016230104373,-0.6869915387514187,0.7701127145253435,-0.4056562116192928,-0.29792179586210904,0.7701127145253435,-0.4056562116192928,-0.29792179586210904
,-0.9604849046117493,0.4744013264768083,-1.0553539191742782,0.8930489805259627,-0.6124325222900713,-0.520511823196568,-1.2985112193821482,-0.4056562116192928,-0.29792179586210904,-1.2985112193821482,-0.4056562116192928,-0.29792179586210904
0.0,2.2601617095810367,-0.8583212237019568,2.2316244238831957,-1.089202623230203,1.6034722976604263,1.4592885899459485,-1.2985112193821482,-0.4056562116192928,3.356585566713095,-1.2985112193821482,-0.4056562116192928,3.356585566713095
,0.5683220202649212,0.7430652269104134,0.6263538341633599,0.9405023533256281,1.0064790474202343,1.0634205889864548,-1.2985112193821482,2.4651415936864716,-0.29792179586210904,-1.2985112193821482,2.4651415936864716,-0.29792179586210904
0.0,-1.193300241021153,0.24438513329815337,-1.5392729429179934,0.8440984897295908,-0.9779425956839678,-1.0841446503182723,-1.2985112193821482,-0.4056562116192928,-0.29792179586210904,-1.2985112193821482,-0.4056562116192928,-0.29792179586210904
,-0.5138764440040122,-0.8583212237019568,-0.38425572757216975,-1.089202623230203,-1.0273570476664045,-1.171395099075147,0.7701127145253435,-0.4056562116192928,-0.29792179586210904,0.7701127145253435,-0.4056562116192928,-0.29792179586210904
0.0,0.08987203052126207,-0.8583212237019568,0.24735629071185342,-1.089202623230203,-0.4547768897746781,-0.31252927517554735,0.7701127145253435,-0.4056562116192928,-0.29792179586210904,0.7701127145253435,-0.4056562116192928,-0.29792179586210904
0.0,-0.17561188772889277,-0.8583212237019568,-0.003525984363933718,-1.089202623230203,-0.706555287970903,-0.6536875898995906,0.7701127145253435,-0.4056562116192928,-0.29792179586210904,0.7701127145253435,-0.4056562116192928,-0.29792179586210904
0.0,-0.9534549566207016,1.5104092209562787,-1.0425908211391555,1.041670991791452,0.04603465928541397,0.2505838563298099,-1.2985112193821482,-0.4056562116192928,-0.29792179586210904,-1.2985112193821482,-0.4056562116192928,-0.29792179586210904
0.0,-1.1486393949603793,0.16646636867123774,-1.4357706063060613,0.825165694621653,-0.9846096249196933,-1.0957361911764774,-1.2985112193821482,-0.4056562116192928,-0.29792179586210904,-1.2985112193821482,-0.4056562116192928,-0.29792179586210904
0.0,0.2834023634512815,-0.8583212237019568,0.41040703511772036,-1.089202623230203,-0.27123749669705627,-0.09080200372236485,0.7701127145253435,-0.4056562116192928,-0.29792179586210904,0.7701127145253435,-0.4056562116192928,-0.29792179586210904
0.0,-0.8707496861377874,0.33290084991432956,-0.898877339236406,0.8640475009695394,-0.6163543041934393,-0.5259182020520976,0.7701127145253435,-0.4056562116192928,-0.29792179586210904,0.7701127145253435,-0.4056562116192928,-0.29792179586210904
0.0,2.2601617095810367,-0.8583212237019568,2.4255825648628533,-1.089202623230203,1.6034722976604263,1.4592885899459485,-1.2985112193821482,-0.4056562116192928,3.356585566713095,-1.2985112193821482,-0.4056562116192928,3.356585566713095
0.0,-0.24797899940144277,-0.8583212237019568,-0.07846365343609042,-1.089202623230203,-0.7751864712798427,-0.7555883087604475,0.7701127145253435,-0.4056562116192928,-0.29792179586210904,0.7701127145253435,-0.4056562116192928,-0.29792179586210904
0.0,-0.8707496861377874,0.21197092721335645,-0.898877339236406,0.8363901578053695,-0.6924368731187782,-0.6332423142134642,0.7701127145253435,-0.4056562116192928,-0.29792179586210904,0.7701127145253435,-0.4056562116192928,-0.29792179586210904
,-1.7738912398112112,2.7216564170816824,-2.6022290933113394,1.6606567145952296,0.030004375755397317,0.23443329076515182,-1.2985112193821482,-0.4056562116192928,-0.29792179586210904,-1.2985112193821482,-0.4056562116192928,-0.29792179586210904
0.0,-0.3951943808610302,0.44011707004096545,-0.2413001687962581,0.88631506712208,-0.0978947365681912,0.10159937730986952,0.7701127145253435,-0.4056562116192928,-0.29792179586210904,0.7701127145253435,-0.4056562116192928,-0.29792179586210904
0.0,2.189345321730041,0.18018007124557486,1.5197395461182273,0.8286000094280394,2.189680647666356,1.7940973064301353,-1.2985112193821482,2.4651415936864716,-0.29792179586210904,-1.2985112193821482,2.4651415936864716,-0.29792179586210904
0.0,-1.1796538713914722,0.9119931086215666,-1.5070095205724443,0.9664176766283388,-0.5449778735521419,-0.4293479440077422,-1.2985112193821482,-0.4056562116192928,-0.29792179586210904,-1.2985112193821482,-0.4056562116192928,-0.29792179586210904
0.0,0.5352399120717555,-0.8583212237019568,0.6025725590145897,-1.089202623230203,-0.0324009787819458,0.17052225793662928,0.7701127145253435,-0.4056562116192928,-0.29792179586210904,0.7701127145253435,-0.4056562116192928,-0.29792179586210904
0.0,0.29415404861406036,1.7572558672943475,0.4190454604868069,1.067290477837627,1.3845388229049083,1.3214512441951378,0.7701127145253435,-0.4056562116192928,-0.29792179586210904,0.7701127145253435,-0.4056562116192928,-0.29792179586210904
0.0,-0.669362352511891,0.5192825349019118,-0.5906178589800606,0.9016072166744142,-0.3081022465887154,-0.13375047667394774,0.7701127145253435,-0.4056562116192928,-0.29792179586210904,0.7701127145253435,-0.4056562116192928,-0.29792179586210904
0.0,2.2601617095810367,0.5442165395825248,2.4255825648628533,0.9062421492581675,2.4858732259182235,1.9472752371262176,-1.2985112193821482,-0.4056562116192928,3.356585566713095,-1.2985112193821482,-0.4056562116192928,3.356585566713095
0.0,1.334586351289122,-0.8583212237019568,1.1039939211042635,-1.089202623230203,0.7256794631390864,0.8524216950172465,-1.2985112193821482,2.4651415936864716,-0.29792179586210904,-1.2985112193821482,2.4651415936864716,-0.29792179586210904
0.0,-0.3951943808610302,-0.8583212237019568,-0.2413001687962581,-1.089202623230203,-0.9148019070397432,-0.9770108076333001,0.7701127145253435,-0.4056562116192928,-0.29792179586210904,0.7701127145253435,-0.4056562116192928,-0.29792179586210904
0.0,-0.40470548696656533,0.2481252340002453,-0.25234623294558584,0.844973300850976,-0.22770571756967162,-0.04104008059333437,0.7701127145253435,-0.4056562116192928,-0.29792179586210904,0.7701127145253435,-0.4056562116192928,-0.29792179586210904
0.0,-0.6036116624779742,0.02496589210875892,-0.5004431710104035,0.7867793092229266,-0.5567432192622458,-0.4450055761784708,0.7701127145253435,-0.4056562116192928,-0.29792179586210904,0.7701127145253435,-0.4056562116192928,-0.29792179586210904
0.0,-0.9092076369123424,-0.8583212237019568,-0.9642762988698405,-1.089202623230203,-1.402279397628384,-1.9600300769573549,0.7701127145253435,-0.4056562116192928,-0.29792179586210904,0.7701127145253435,-0.4056562116192928,-0.29792179586210904
0.0,-0.4944407054405273,-0.8583212237019568,-0.36005154023981606,-1.089202623230203,-1.008924672720575,-1.1384836803523306,0.7701127145253435,-0.4056562116192928,-0.29792179586210904,0.7701127145253435,-0.4056562116192928,-0.29792179586210904
0.0,0.7420030882790412,-0.8583212237019568,0.7462860409173391,-1.089202623230203,0.1636881163864536,0.36596007573326733,-1.2985112193821482,2.4651415936864716,-0.29792179586210904,-1.2985112193821482,2.4651415936864716,-0.29792179586210904
0.0,2.0665279950629136,-0.8583212237019568,1.4656064677549652,-1.089202623230203,1.4198348600352202,1.344205879252427,-1.2985112193821482,2.4651415936864716,-0.29792179586210904,-1.2985112193821482,2.4651415936864716,-0.29792179586210904
0.0,-0.14542446400262907,-0.8583212237019568,0.02683225638033927,-1.089202623230203,-0.6779262800763166,-0.6124059760538673,0.7701127145253435,-0.4056562116192928,-0.29792179586210904,0.7701127145253435,-0.4056562116192928,-0.29792179586210904
0.0,-0.9013506362164656,0.2531120349363679,-0.9507202080584852,0.8461351295017979,-0.6955742986414726,-0.6377709392138607,0.7701127145253435,-0.4056562116192928,-0.29792179586210904,0.7701127145253435,-0.4056562116192928,-0.29792179586210904
0.0,0.4124225854046278,-0.8583212237019568,0.5114222297715796,-1.089202623230203,-0.14887790131197504,0.04656708781471813,0.7701127145253435,-0.4056562116192928,-0.29792179586210904,0.7701127145253435,-0.4056562116192928,-0.29792179586210904
0.0,2.189345321730041,-0.8583212237019568,1.5197395461182273,-1.089202623230203,1.5363117825652495,1.4178264677981751,-1.2985112193821482,2.4651415936864716,-0.29792179586210904,-1.2985112193821482,2.4651415936864716,-0.29792179586210904
0.0,1.2742115038365946,-0.8583212237019568,1.0706421779526571,-1.089202623230203,0.6684214473499137,0.8070647356140227,-1.2985112193821482,2.4651415936864716,-0.29792179586210904,-1.2985112193821482,2.4651415936864716,-0.29792179586210904
0.0,-0.3133161630829451,0.22194452908560167,-0.14891785855976244,0.8387865266662615,-0.1575058214993846,0.03712999065062977,0.7701127145253435,-0.4056562116192928,-0.29792179586210904,0.7701127145253435,-0.4056562116192928,-0.29792179586210904
0.0,-0.46880207159082393,1.7061411576990908,-0.3286137075402542,1.0621898484431243,0.628811450125897,0.7751873080521485,0.7701127145253435,-0.4056562116192928,-0.29792179586210904,0.7701127145253435,-0.4056562116192928,-0.29792179586210904
0.0,-0.6536483511201373,0.751792128548628,-0.5686512356749217,0.9419067379032345,-0.14691701036029106,0.0487068061077774,0.7701127145253435,-0.4056562116192928,-0.29792179586210904,0.7701127145253435,-0.4056562116192928,-0.29792179586210904
0.0,-0.9079670578550988,0.37778205833943296,-0.9621290472388561,0.8736032417223771,-0.6234135116195016,-0.5356799485546241,0.7701127145253435,-0.4056562116192928,-0.29792179586210904,0.7701127145253435,-0.4056562116192928,-0.29792179586210904
0.0,0.02039960331561407,-0.8583212237019568,0.18501539642757797,-1.089202623230203,-0.5206628257512603,-0.39730351796516455,0.7701127145253435,-0.4056562116192928,-0.29792179586210904,0.7701127145253435,-0.4056562116192928,-0.29792179586210904
0.0,-1.2015707680694445,0.9705880196210072,-1.5591124820713411,0.9748324103286164,-0.5288985677483331,-0.4081102507970309,-1.2985112193821482,-0.4056562116192928,-0.29792179586210904,-1.2985112193821482,-0.4056562116192928,-0.29792179586210904
0.0,0.6522678698050792,1.894392893037719,0.6853219077104405,1.080497765270924,1.8104443376106718,1.582808775504141,-1.2985112193821482,2.4651415936864716,-0.29792179586210904,-1.2985112193821482,2.4651415936864716,-0.29792179586210904
,1.224588341546846,-0.8583212237019568,1.04275819537026,-1.089202623230203,0.6213600645094979,0.769143782167184,-1.2985112193821482,2.4651415936864716,-0.29792179586210904,-1.2985112193821482,2.4651415936864716,-0.29792179586210904
0.0,-0.2951210035767039,-0.8583212237019568,-0.12901834980021212,-1.089202623230203,-0.8198947849782379,-0.8243323239297964,0.7701127145253435,-0.4056562116192928,-0.29792179586210904,0.7701127145253435,-0.4056562116192928,-0.29792179586210904
0.0,-0.7227072519733707,0.9493941156424861,-0.6672595500834563,0.9718203066995734,-0.08809028180977123,0.11204179607610343,0.7701127145253435,-0.4056562116192928,-0.29792179586210904,0.7701127145253435,-0.4056562116192928,-0.29792179586210904
0.0,2.189345321730041,-0.8583212237019568,1.5197395461182273,-1.089202623230203,1.5363117825652495,1.4178264677981751,-1.2985112193821482,2.4651415936864716,-0.29792179586210904,-1.2985112193821482,2.4651415936864716,-0.29792179586210904
0.0,-0.43571996339765817,-0.8583212237019568,-0.28884552531893704,-1.089202623230203,-0.9532353696927495,-1.0416612371020846,0.7701127145253435,-0.4056562116192928,-0.29792179586210904,0.7701127145253435,-0.4056562116192928,-0.29792179586210904
,-0.533312182567497,0.8970327058131988,-0.408790669947578,0.9642246077834374,0.05858436137619153,0.2631536010848925,0.7701127145253435,-0.4056562116192928,-0.29792179586210904,0.7701127145253435,-0.4056562116192928,-0.29792179586210904
0.0,-0.7198125675064687,2.6953977934024116,-0.6630156783883986,1.146509002340773,1.01314607665596,1.068215303887889,0.7701127145253435,-0.4056562116192928,-0.29792179586210904,0.7701127145253435,-0.4056562116192928,-0.29792179586210904
0.0,-0.7272560418499311,0.17893337101154422,-0.6739488246364383,0.828289677530427,-0.5771364851597593,-0.47238558210570786,0.7701127145253435,-0.4056562116192928,-0.29792179586210904,0.7701127145253435,-0.4056562116192928,-0.29792179586210904
0.0,0.2395685700953369,0.033069443629958145,0.3747522923387456,0.7891384577238221,0.24800642730886535,0.4454167284859368,0.7701127145253435,-0.4056562116192928,-0.29792179586210904,0.7701127145253435,-0.4056562116192928,-0.29792179586210904
0.0,-0.46218564995219075,-0.8583212237019568,-0.3205892918379543,-1.089202623230203,-0.9783347738743046,-1.0848249847234623,0.7701127145253435,-0.4056562116192928,-0.29792179586210904,0.7701127145253435,-0.4056562116192928,-0.29792179586210904
0.0,0.0009638647521292132,0.006265388598299163,0.16718018242263513,0.7812515197023686,0.0048559493000500924,0.20887895809979035,0.7701127145253435,-0.4056562116192928,-0.29792179586210904,0.7701127145253435,-0.4056562116192928,-0.29792179586210904
0.0,-0.022193610983086785,1.3751422455639533,0.1456957890257763,1.0264747696074716,0.8441172766207996,0.9436508834474044,0.7701127145253435,-0.4056562116192928,-0.29792179586210904,0.7701127145253435,-0.4056562116192928,-0.29792179586210904
0.0,-0.6044387151828033,-0.8583212237019568,-0.5015497719852029,-1.089202623230203,-1.1132440713501635,-1.3308827394607037,0.7701127145253435,-0.4056562116192928,-0.29792179586210904,0.7701127145253435,-0.4056562116192928,-0.29792179586210904
0.0,0.01212907626732264,-0.8583212237019568,0.177447587437273,-1.089202623230203,-0.5285063895579963,-0.4075945586123186,0.7701127145253435,-0.4056562116192928,-0.29792179586210904,0.7701127145253435,-0.4056562116192928,-0.29792179586210904
0.0,-0.41421659307210046,0.3883790103286935,-0.2634606758038439,0.8758088307479136,-0.14848572312163824,0.04699518148425916,0.7701127145253435,-0.4056562116192928,-0.29792179586210904,0.7701127145253435,-0.4056562116192928,-0.29792179586210904
0.0,-0.860411527327423,2.7216564170816824,-0.8816957724778456,1.1702720673322495,0.896325998209386,0.9828082215649447,0.7701127145253435,-0.4056562116192928,-0.29792179586210904,0.7701127145253435,-0.4056562116192928,-0.29792179586210904
0.0,-0.4125624876624422,0.7430652269104134,-0.26152278028406234,0.9405023533256281,0.07623237994134748,0.2807210519408018,0.7701127145253435,-0.4056562116192928,-0.29792179586210904,0.7701127145253435,-0.4056562116192928,-0.29792179586210904
0.0,1.4999968922549505,-0.8583212237019568,1.1923166594021657,-1.089202623230203,0.8825507392738059,0.9725373895391936,-1.2985112193821482,2.4651415936864716,-0.29792179586210904,-1.2985112193821482,2.4651415936864716,-0.29792179586210904
0.0,0.8751585737565332,-0.8583212237019568,0.8330974435838646,-1.089202623230203,0.2899694936749028,0.48401720058411757,-1.2985112193821482,2.4651415936864716,-0.29792179586210904,-1.2985112193821482,2.4651415936864716,-0.29792179586210904
0.0,-0.9121023213792444,-0.8583212237019568,-0.9692965618463703,-1.089202623230203,-1.4050246449607418,-1.9668555644597254,-1.2985112193821482,-0.4056562116192928,-0.29792179586210904,-1.2985112193821482,-0.4056562116192928,-0.29792179586210904
0.0,-0.2231674182565685,-0.8583212237019568,-0.05241687133104013,-1.089202623230203,-0.7516557798596348,-0.7201698440878721,0.7701127145253435,-0.4056562116192928,-0.29792179586210904,0.7701127145253435,-0.4056562116192928,-0.29792179586210904
0.0,-0.06271919351971478,-0.09222392989012221,0.10746817022372562,0.75001109590775,-0.11750364608503114,0.08057961996170156,0.7701127145253435,-0.4056562116192928,-0.29792179586210904,0.7701127145253435,-0.4056562116192928,-0.29792179586210904
0.0,-0.4642532817142636,-0.8583212237019568,-0.32309307138855636,-1.089202623230203,-0.9802956648259885,-1.088229502675722,0.7701127145253435,-0.4056562116192928,-0.29792179586210904,0.7701127145253435,-0.4056562116192928,-0.29792179586210904
0.0,-0.8513139475743025,0.1309354120013642,-0.8667108142720703,0.8160494594967788,-0.7249876629167326,-0.680640272930479,0.7701127145253435,-0.4056562116192928,-0.29792179586210904,0.7701127145253435,-0.4056562116192928,-0.29792179586210904
0.0,0.5352399120717555,-0.8583212237019568,0.6025725590145897,-1.089202623230203,-0.0324009787819458,0.17052225793662928,0.7701127145253435,-0.4056562116192928,-0.29792179586210904,0.7701127145253435,-0.4056562116192928,-0.29792179586210904
0.0,-0.6710164579215493,0.4931018299872681,-0.5929458463723642,0.8966494069672921,-0.3261424433442081,-0.15504630361955105,0.7701127145253435,-0.4056562116192928,-0.29792179586210904,0.7701127145253435,-0.4056562116192928,-0.29792179586210904
0.0,-0.5647401853510045,0.20760747639424917,-0.4491875670039552,0.835334720306775,-0.4049702596019047,-0.2503421229586744,0.7701127145253435,-0.4056562116192928,-0.29792179586210904,0.7701127145253435,-0.4056562116192928,-0.29792179586210904
0.0,-1.2090142424129067,0.5329962374762489,-1.5771574583318875,0.9041667072830302,-0.8112668647908282,-0.8109143762628092,-1.2985112193821482,-0.4056562116192928,-0.29792179586210904,-1.2985112193821482,-0.4056562116192928,-0.29792179586210904
0.0,1.3407892465753406,2.7216564170816824,1.1073856355278593,1.205621712945907,2.983890505372166,2.184964951048323,-1.2985112193821482,2.4651415936864716,-0.29792179586210904,-1.2985112193821482,2.4651415936864716,-0.29792179586210904
0.0,-0.2893316346428999,0.09291105486342936,-0.12273266187326175,0.8059236752448005,-0.21594037185956763,-0.027763170407133966,0.7701127145253435,-0.4056562116192928,-0.29792179586210904,0.7701127145253435,-0.4056562116192928,-0.29792179586210904
0.0,-0.49857596896467304,-0.1832330469743597,-0.36517411154565976,0.7173471873598269,-0.5881174744891897,-0.48725680885485356,0.7701127145253435,-0.4056562116192928,-0.29792179586210904,0.7701127145253435,-0.4056562116192928,-0.29792179586210904
0.0,-0.22275389190415393,0.04366639561921867,-0.051985943685917524,0.7921913653660518,-0.18378176025195014,0.008163015235250384,0.7701127145253435,-0.4056562116192928,-0.29792179586210904,0.7701127145253435,-0.4056562116192928,-0.29792179586210904
0.0,2.2601617095810367,-0.8583212237019568,2.3770279778765033,-1.089202623230203,1.6034722976604263,1.4592885899459485,-1.2985112193821482,-0.4056562116192928,3.356585566713095,-1.2985112193821482,-0.4056562116192928,3.356585566713095
0.0,0.5538485979304112,-0.8583212237019568,0.6159882629620179,-1.089202623230203,-0.014752960216789849,0.18876633962306064,-1.2985112193821482,2.4651415936864716,-0.29792179586210904,-1.2985112193821482,2.4651415936864716,-0.29792179586210904
0.0,-0.7743980460251921,0.299239943595502,-0.7447823851144512,0.856641504938031,-0.5461544081231523,-0.4309091973363366,0.7701127145253435,-0.4056562116192928,-0.29792179586210904,0.7701127145253435,-0.4056562116192928,-0.29792179586210904
0.0,2.2601617095810367,-0.8583212237019568,2.4255825648628533,-1.089202623230203,1.6034722976604263,1.4592885899459485,-1.2985112193821482,-0.4056562116192928,3.356585566713095,-1.2985112193821482,-0.4056562116192928,3.356585566713095
0.0,-0.8455245786404985,2.7216564170816824,-0.8572396392024397,1.2032665325120078,0.9104444130615107,0.9932902767286662,0.7701127145253435,-0.4056562116192928,-0.29792179586210904,0.7701127145253435,-0.4056562116192928,-0.29792179586210904
0.0,0.021640182372857784,-0.8583212237019568,0.1861478215832366,-1.089202623230203,-0.5194862911802499,-0.39576359547695705,0.7701127145253435,-0.4056562116192928,-0.29792179586210904,0.7701127145253435,-0.4056562116192928,-0.29792179586210904
,0.8586175196599504,-0.8583212237019568,0.8225389890176766,-1.089202623230203,0.27428236606143086,0.46965843317471334,-1.2985112193821482,2.4651415936864716,-0.29792179586210904,-1.2985112193821482,2.4651415936864716,-0.29792179586210904
0.0,2.2601617095810367,-0.8583212237019568,1.6633977822471981,-1.089202623230203,1.6034722976604263,1.4592885899459485,-1.2985112193821482,-0.4056562116192928,3.356585566713095,-1.2985112193821482,-0.4056562116192928,3.356585566713095
0.0,-0.5287633926909368,-0.8583212237019568,-0.40301832527888076,-1.089202623230203,-1.0414754625185292,-1.1969072788527766,0.7701127145253435,-0.4056562116192928,-0.29792179586210904,0.7701127145253435,-0.4056562116192928,-0.29792179586210904
0.0,0.06381987031914407,-0.34094062657923696,0.2242313709075452,0.6486404702269623,-0.15397621778635343,0.040995030230785205,0.7701127145253435,-0.4056562116192928,-0.29792179586210904,0.7701127145253435,-0.4056562116192928,-0.29792179586210904
0.0,-0.8087207332756016,0.2898896918402721,-0.7981709440533928,0.8545460616378755,-0.5845878707761585,-0.48246688839479235,0.7701127145253435,-0.4056562116192928,-0.29792179586210904,0.7701127145253435,-0.4056562116192928,-0.29792179586210904
0.0,-0.6639865099305016,0.01436894011949839,-0.5830726788695055,0.7836614214979014,-0.6206682642871441,-0.5318790756758538,0.7701127145253435,-0.4056562116192928,-0.29792179586210904,0.7701127145253435,-0.4056562116192928,-0.29792179586210904
0.0,0.2006970929683672,-0.8583212237019568,0.3425304954669406,-1.089202623230203,-0.349673134764416,-0.1831055207572586,0.7701127145253435,-0.4056562116192928,-0.29792179586210904,0.7701127145253435,-0.4056562116192928,-0.29792179586210904
0.0,-0.35549585102923137,-0.8583212237019568,-0.19591487648288158,-1.089202623230203,-0.8771528007674104,-0.9152971281623151,0.7701127145253435,-0.4056562116192928,-0.29792179586210904,0.7701127145253435,-0.4056562116192928,-0.29792179586210904
0.0,0.0071667600383477845,-0.8583212237019568,0.17289154348327798,-1.089202623230203,-0.5332125278420379,-0.41379006383378963,0.7701127145253435,-0.4056562116192928,-0.29792179586210904,0.7701127145253435,-0.4056562116192928,-0.29792179586210904
0.0,0.06588750208121692,2.647399834392232,0.22607760245816583,1.1429943378264085,1.728086917639944,1.5344039185079663,0.7701127145253435,-0.4056562116192928,-0.29792179586210904,0.7701127145253435,-0.4056562116192928,-0.29792179586210904
0.0,-1.1130761286527262,0.9649778685678693,-1.3574174524057823,0.9740384981001037,-0.44850203872928934,-0.3046069313851639,-1.2985112193821482,-0.4056562116192928,-0.29792179586210904,-1.2985112193821482,-0.4056562116192928,-0.29792179586210904
0.0,-0.5883111874386351,0.41019626442422985,-0.48009312289007244,0.8802913435498974,-0.2998665045916426,-0.12408986937558848,0.7701127145253435,-0.4056562116192928,-0.29792179586210904,0.7701127145253435,-0.4056562116192928,-0.29792179586210904
0.0,0.056789922328096355,1.5141493216583706,0.2179399452345564,1.0420787307398098,1.0064790474202343,1.0634205889864548,0.7701127145253435,-0.4056562116192928,-0.29792179586210904,0.7701127145253435,-0.4056562116192928,-0.29792179586210904
0.0,1.1877844961819493,-0.2287376055164784,1.021794238973925,0.6993246449693648,0.9825561778096895,1.0461381129771474,-1.2985112193821482,2.4651415936864716,-0.29792179586210904,-1.2985112193821482,2.4651415936864716,-0.29792179586210904
,-0.9534549566207016,-0.8583212237019568,-1.0425908211391555,-1.089202623230203,-1.4442424639944216,-2.066504653542951,-1.2985112193821482,-0.4056562116192928,-0.29792179586210904,-1.2985112193821482,-0.4056562116192928,-0.29792179586210904
0.0,-0.00565255688650393,-0.8583212237019568,0.16106797218011987,-1.089202623230203,-0.5453700517424787,-0.4298682508876572,0.7701127145253435,-0.4056562116192928,-0.29792179586210904,0.7701127145253435,-0.4056562116192928,-0.29792179586210904
,0.5352399120717555,0.5442165395825248,0.6025725590145897,0.9062421492581675,0.8499999494758516,0.9480944953939727,0.7701127145253435,-0.4056562116192928,-0.29792179586210904,0.7701127145253435,-0.4056562116192928,-0.29792179586210904
,-0.4588774391328742,-0.8583212237019568,-0.316590492802441,-1.089202623230203,-0.9751973483516102,-1.0793876090696601,0.7701127145253435,-0.4056562116192928,-0.29792179586210904,0.7701127145253435,-0.4056562116192928,-0.29792179586210904
0.0,-0.6395884551380419,-0.8583212237019568,-0.5492221342933399,-1.089202623230203,-1.1465792175287912,-1.3957031345473985,0.7701127145253435,-0.4056562116192928,-0.29792179586210904,0.7701127145253435,-0.4056562116192928,-0.29792179586210904
0.0,-0.6916927755422779,0.051146597023402574,-0.6223032699554188,0.7943248556576363,-0.6238056898098384,-0.5362234136356768,0.7701127145253435,-0.4056562116192928,-0.29792179586210904,0.7701127145253435,-0.4056562116192928,-0.29792179586210904
0.0,-0.527522813633693,-0.07913357743280038,-0.4014472649265367,0.7543873674782128,-0.5500761900265202,-0.4361205956683859,0.7701127145253435,-0.4056562116192928,-0.29792179586210904,0.7701127145253435,-0.4056562116192928,-0.29792179586210904
0.0,-0.4998165480219168,0.36593840611614176,-0.36671373721505773,0.8711156953795325,-0.24378502337348035,-0.05930272358965172,0.7701127145253435,-0.4056562116192928,-0.29792179586210904,0.7701127145253435,-0.4056562116192928,-0.29792179586210904
0.0,2.2601617095810367,-0.15642899194270068,1.7576709994180624,0.7274034322037798,2.0450649399796617,1.7156668822040397,-1.2985112193821482,-0.4056562116192928,3.356585566713095,-1.2985112193821482,-0.4056562116192928,3.356585566713095
0.0,-0.19835583711169422,-0.21003710200601866,-0.026742553614236685,0.7068838513972718,-0.3202597704891561,-0.14808158647847006,0.7701127145253435,-0.4056562116192928,-0.29792179586210904,0.7701127145253435,-0.4056562116192928,-0.29792179586210904
0.0,-0.9121023213792444,2.0090893145685387,-0.9692965618463703,1.091048172710082,0.3989950305885329,0.5815442044673265,-1.2985112193821482,-0.4056562116192928,-0.29792179586210904,-1.2985112193821482,-0.4056562116192928,-0.29792179586210904
0.0,-0.29470747722428936,1.1825270594062176,-0.12856864158877424,1.0031674086691773,0.4644887883747783,0.6383111944256872,0.7701127145253435,-0.4056562116192928,-0.29792179586210904,0.7701127145253435,-0.4056562116192928,-0.29792179586210904
0.0,-0.7053391451719587,1.271042776022394,-0.6419454949677084,1.0141397413973239,0.1307451483981625,0.3342003669302107,0.7701127145253435,-0.4056562116192928,-0.29792179586210904,0.7701127145253435,-0.4056562116192928,-0.29792179586210904
0.0,-0.05072692929969221,2.6480231845092472,0.11886545939079683,1.1430402904422379,1.6178848461553037,1.468095293602513,0.7701127145253435,-0.4056562116192928,-0.29792179586210904,0.7701127145253435,-0.4056562116192928,-0.29792179586210904
0.0,0.7970020931501792,-0.8583212237019568,0.7826531082125545,-1.089202623230203,0.21584781570124786,0.4154165089219599,-1.2985112193821482,2.4651415936864716,-0.29792179586210904,-1.2985112193821482,2.4651415936864716,-0.29792179586210904
0.0,-0.9439438505151665,-0.5435294146092176,-1.0254662540163004,0.5203972025938626,-1.2371723794965919,-1.581082278096759,-1.2985112193821482,-0.4056562116192928,-0.29792179586210904,-1.2985112193821482,-0.4056562116192928,-0.29792179586210904
0.0,-0.05072692929969221,-0.8583212237019568,0.11886545939079683,-1.089202623230203,-0.5881174744891897,-0.48725680885485356,0.7701127145253435,-0.4056562116192928,-0.29792179586210904,0.7701127145253435,-0.4056562116192928,-0.29792179586210904
0.0,-1.02747617370291,-0.8583212237019568,-1.181759068640866,-1.089202623230203,-1.5144423600647086,-2.2557096906394025,-1.2985112193821482,-0.4056562116192928,-0.29792179586210904,-1.2985112193821482,-0.4056562116192928,-0.29792179586210904
0.0,-0.9555225883827745,-0.8583212237019568,-1.0463352646751978,-1.089202623230203,-1.4462033549461055,-2.0715954628320987,-1.2985112193821482,-0.4056562116192928,-0.29792179586210904,-1.2985112193821482,-0.4056562116192928,-0.29792179586210904
0.0,-0.4195924356534899,-0.8583212237019568,-0.26977332066286497,-1.089202623230203,-0.9379404202696143,-1.0157276093295189,0.7701127145253435,-0.4056562116192928,-0.29792179586210904,0.7701127145253435,-0.4056562116192928,-0.29792179586210904
0.0,2.2601617095810367,-0.8583212237019568,2.4255825648628533,-1.089202623230203,1.6034722976604263,1.4592885899459485,-1.2985112193821482,-0.4056562116192928,3.356585566713095,-1.2985112193821482,-0.4056562116192928,3.356585566713095
0.0,0.5749384419035544,-0.8583212237019568,0.6310725228840378,-1.089202623230203,0.005248127490386892,0.20927952569383845,-1.2985112193821482,2.4651415936864716,-0.29792179586210904,-1.2985112193821482,2.4651415936864716,-0.29792179586210904
0.0,0.29415404861406036,-0.8583212237019568,0.4190454604868069,-1.089202623230203,-0.2610408637482995,-0.07905478983571954,0.7701127145253435,-0.4056562116192928,-0.29792179586210904,0.7701127145253435,-0.4056562116192928,-0.29792179586210904
0.0,-0.5403421305585447,0.16397296820317642,-0.41774822936974676,0.824536342053548,-0.40928421969560946,-0.2556662086366089,0.7701127145253435,-0.4056562116192928,-0.29792179586210904,0.7701127145253435,-0.4056562116192928,-0.29792179586210904
0.0,0.4612186949895472,-0.8583212237019568,0.5481927413751985,-1.089202623230203,-0.10260087485223278,0.09657111129530417,0.7701127145253435,-0.4056562116192928,-0.29792179586210904,0.7701127145253435,-0.4056562116192928,-0.29792179586210904
,-1.0845428103361208,1.6868173040716157,-1.2969349253133382,1.0602350398526204,0.03270060081396281,0.23715722948090173,-1.2985112193821482,-0.4056562116192928,-0.29792179586210904,-1.2985112193821482,-0.4056562116192928,-0.29792179586210904
0.0,0.19821593485387978,-0.8583212237019568,0.340454018722644,-1.089202623230203,-0.35202620390643685,-0.18592925627899906,0.7701127145253435,-0.4056562116192928,-0.29792179586210904,0.7701127145253435,-0.4056562116192928,-0.29792179586210904
0.0,-0.6362802443187253,1.6350792443593438,-0.5446809746805198,1.054927238174273,0.4252709693410984,0.6044777309513437,0.7701127145253435,-0.4056562116192928,-0.29792179586210904,0.7701127145253435,-0.4056562116192928,-0.29792179586210904
0.0,2.2601617095810367,-0.8583212237019568,2.4255825648628533,-1.089202623230203,1.6034722976604263,1.4592885899459485,-1.2985112193821482,-0.4056562116192928,3.356585566713095,-1.2985112193821482,-0.4056562116192928,3.356585566713095
0.0,2.2601617095810367,-0.8583212237019568,1.5929188922921682,-1.089202623230203,1.6034722976604263,1.4592885899459485,-1.2985112193821482,-0.4056562116192928,3.356585566713095,-1.2985112193821482,-0.4056562116192928,3.356585566713095
0.0,-0.5126358649467685,-0.10406758211341338,-0.38270099228254734,0.7459867439626822,-0.5516449027878675,-0.4382082729330653,0.7701127145253435,-0.4056562116192928,-0.29792179586210904,0.7701127145253435,-0.4056562116192928,-0.29792179586210904
0.0,-1.2015707680694445,-0.10219753176236741,-1.5591124820713411,0.7466263478510352,-1.2038372333179639,-1.5112221791678868,-1.2985112193821482,-0.4056562116192928,-0.29792179586210904,-1.2985112193821482,-0.4056562116192928,-0.29792179586210904
0.0,2.2601617095810367,-0.8583212237019568,2.4255825648628533,-1.089202623230203,1.6034722976604263,1.4592885899459485,-1.2985112193821482,-0.4056562116192928,3.356585566713095,-1.2985112193821482,-0.4056562116192928,3.356585566713095
0.0,-0.010614873115478787,0.44261047050902674,0.15647012069236815,0.8868107651448522,0.2683996932063789,0.4642520543191794,0.7701127145253435,-0.4056562116192928,-0.29792179586210904,0.7701127145253435,-0.4056562116192928,-0.29792179586210904
0.0,-1.1002568117278744,0.1508826157458546,-1.3299918091484035,0.8212068662625711,-0.9485292314087078,-1.0336522865020212,-1.2985112193821482,-0.4056562116192928,-0.29792179586210904,-1.2985112193821482,-0.4056562116192928,-0.29792179586210904
0.0,-1.1130761286527262,0.3441211520206054,-1.3574174524057823,0.8664697549827582,-0.839111516304741,-0.8544853985220275,-1.2985112193821482,-0.4056562116192928,-0.29792179586210904,-1.2985112193821482,-0.4056562116192928,-0.29792179586210904
0.0,-1.5323918500011016,1.0254428299183558,-2.6022290933113394,0.9824692754316169,-0.8081294392681339,-0.8060533438906313,-1.2985112193821482,-0.4056562116192928,-0.29792179586210904,-1.2985112193821482,-0.4056562116192928,-0.29792179586210904
0.0,-1.193300241021153,0.21321762744738712,-1.5392729429179934,0.8366909215852721,-0.9975515052008077,-1.1183957073137707,-1.2985112193821482,-0.4056562116192928,-0.29792179586210904,-1.2985112193821482,-0.4056562116192928,-0.29792179586210904
0.0,-0.6309044017373359,-0.8583212237019568,-0.5373259997437031,-1.089202623230203,-1.1383434755317186,-1.379527939954996,0.7701127145253435,-0.4056562116192928,-0.29792179586210904,0.7701127145253435,-0.4056562116192928,-0.29792179586210904
0.0,-0.16775488703301591,0.39710591196690803,0.004425022796126853,0.877611173783699,0.09074297298380904,0.2950713246759422,0.7701127145253435,-0.4056562116192928,-0.29792179586210904,0.7701127145253435,-0.4056562116192928,-0.29792179586210904
0.0,-0.3951943808610302,-0.8583212237019568,-0.2413001687962581,-1.089202623230203,-0.9148019070397432,-0.9770108076333001,0.7701127145253435,-0.4056562116192928,-0.29792179586210904,0.7701127145253435,-0.4056562116192928,-0.29792179586210904
0.0,1.0178251653395602,-0.8583212237019568,0.9216755177263283,-1.089202623230203,0.4252709693410984,0.6044777309513437,-1.2985112193821482,2.4651415936864716,-0.29792179586210904,-1.2985112193821482,2.4651415936864716,-0.29792179586210904
0.0,-1.0642800190678068,0.13342881246942548,-1.2551880665945367,0.8166997905055922,-0.9253907181788367,-0.994652524210334,-1.2985112193821482,-0.4056562116192928,-0.29792179586210904,-1.2985112193821482,-0.4056562116192928,-0.29792179586210904
0.0,-0.9191322693702921,0.678860164857835,-0.9815473901989755,0.9299286485620596,-0.44458025682592134,-0.2996684861599706,-1.2985112193821482,-0.4056562116192928,-0.29792179586210904,-1.2985112193821482,-0.4056562116192928,-0.29792179586210904
0.0,-0.8777796341288351,0.5940845489437507,-0.9106554329573127,0.9152699174656581,-0.4586986716780461,-0.317493823198886,0.7701127145253435,-0.4056562116192928,-0.29792179586210904,0.7701127145253435,-0.4056562116192928,-0.29792179586210904
0.0,0.8247083587619555,0.2325414810748622,0.8006980844730993,0.8413085607161415,0.9284355875432113,1.006582749857819,-1.2985112193821482,2.4651415936864716,-0.29792179586210904,-1.2985112193821482,2.4651415936864716,-0.29792179586210904
0.0,2.2601617095810367,-0.8583212237019568,2.1971152161564147,-1.089202623230203,1.6034722976604263,1.4592885899459485,-1.2985112193821482,-0.4056562116192928,3.356585566713095,-1.2985112193821482,-0.4056562116192928,3.356585566713095
,0.43020421855845437,-0.8583212237019568,0.5249090223444909,-1.089202623230203,-0.1320142391274927,0.06490768476518302,0.7701127145253435,-0.4056562116192928,-0.29792179586210904,0.7701127145253435,-0.4056562116192928,-0.29792179586210904
0.0,-0.1495597275267748,-0.3995355375786775,0.02270381118408938,0.6176088653580754,-0.39320491389180073,-0.23588061011895223,0.7701127145253435,-0.4056562116192928,-0.29792179586210904,0.7701127145253435,-0.4056562116192928,-0.29792179586210904
0.0,0.2523878870201886,-0.8583212237019568,0.38525307894774913,-1.089202623230203,-0.3006508609723162,-0.1250082824483236,0.7701127145253435,-0.4056562116192928,-0.29792179586210904,0.7701127145253435,-0.4056562116192928,-0.29792179586210904
0.0,-0.5357933406819845,-0.8583212237019568,-0.41194706107652646,-1.089202623230203,-1.0481424917542548,-1.2090479751955332,0.7701127145253435,-0.4056562116192928,-0.29792179586210904,0.7701127145253435,-0.4056562116192928,-0.29792179586210904
0.0,0.39009216237424094,-0.8583212237019568,0.4943405573543521,-1.089202623230203,-0.17005552359016218,0.02333787304912577,0.7701127145253435,-0.4056562116192928,-0.29792179586210904,0.7701127145253435,-0.4056562116192928,-0.29792179586210904
0.0,-0.17478483502406364,1.0117291273440185,-0.002687376210072363,0.9805811057911833,0.4707636394201671,0.6436813127669984,0.7701127145253435,-0.4056562116192928,-0.29792179586210904,0.7701127145253435,-0.4056562116192928,-0.29792179586210904
0.0,-0.8624791590894959,0.527386086423111,-0.8851189575467834,0.9031227040884063,-0.48615114500162204,-0.3525311578165259,0.7701127145253435,-0.4056562116192928,-0.29792179586210904,0.7701127145253435,-0.4056562116192928,-0.29792179586210904
0.0,0.5352399120717555,-0.8583212237019568,0.6025725590145897,-1.089202623230203,-0.0324009787819458,0.17052225793662928,0.7701127145253435,-0.4056562116192928,-0.29792179586210904,0.7701127145253435,-0.4056562116192928,-0.29792179586210904
0.0,-0.0436969813086445,-0.8583212237019568,0.12551314648427037,-1.089202623230203,-0.5814504452534641,-0.4782170542456518,0.7701127145253435,-0.4056562116192928,-0.29792179586210904,0.7701127145253435,-0.4056562116192928,-0.29792179586210904
0.0,-0.022193610983086785,-0.8583212237019568,0.1456957890257763,-1.089202623230203,-0.5610571793559506,-0.4507719550835423,0.7701127145253435,-0.4056562116192928,-0.29792179586210904,0.7701127145253435,-0.4056562116192928,-0.29792179586210904
0.0,0.5033983829358335,0.42203991664752105,0.5793816936341296,0.8826925450500249,0.7429353035139055,0.8659273421341981,0.7701127145253435,-0.4056562116192928,-0.29792179586210904,0.7701127145253435,-0.4056562116192928,-0.29792179586210904
0.0,2.2601617095810367,2.4242404925007452,2.4255825648628533,1.1259949523921413,3.6686826479740087,2.4780789718144303,-1.2985112193821482,-0.4056562116192928,3.356585566713095,-1.2985112193821482,-0.4056562116192928,3.356585566713095
0.0,1.221693657079944,-0.8583212237019568,1.0411181847945061,-1.089202623230203,0.6186148171771403,0.7669134444400474,-1.2985112193821482,2.4651415936864716,-0.29792179586210904,-1.2985112193821482,2.4651415936864716,-0.29792179586210904
0.0,1.6203330608075908,-0.8583212237019568,1.2539466843588793,-1.089202623230203,0.9966745926618144,1.0563523920647353,-1.2985112193821482,2.4651415936864716,-0.29792179586210904,-1.2985112193821482,2.4651415936864716,-0.29792179586210904
0.0,-0.8380811042970362,-0.046719371348003476,-0.8451353684724416,0.7649153179715342,-0.8242087450719426,-0.8310690463582194,0.7701127145253435,-0.4056562116192928,-0.29792179586210904,0.7701127145253435,-0.4056562116192928,-0.29792179586210904
0.0,-0.3501200084478419,-0.8583212237019568,-0.18985621263592975,-1.089202623230203,-0.8720544842930321,-0.9070586918264852,0.7701127145253435,-0.4056562116192928,-0.29792179586210904,0.7701127145253435,-0.4056562116192928,-0.29792179586210904
0.0,0.32351441963549493,-0.8583212237019568,0.4424254628843143,-1.089202623230203,-0.2331962122343868,-0.04726076165771294,0.7701127145253435,-0.4056562116192928,-0.29792179586210904,0.7701127145253435,-0.4056562116192928,-0.29792179586210904
0.0,2.2601617095810367,-0.8583212237019568,2.233314495973754,-1.089202623230203,1.6034722976604263,1.4592885899459485,-1.2985112193821482,-0.4056562116192928,3.356585566713095,-1.2985112193821482,-0.4056562116192928,3.356585566713095
0.0,-0.17271720326199078,1.175670208119049,-0.0005925678697979755,1.0022976813351463,0.5758673944304292,0.731918488645463,0.7701127145253435,-0.4056562116192928,-0.29792179586210904,0.7701127145253435,-0.4056562116192928,-0.29792179586210904
0.0,0.4219336915101629,2.005972563983462,0.5186486951346051,1.0907670957663682,1.6622009816633618,1.494977140952228,0.7701127145253435,-0.4056562116192928,-0.29792179586210904,0.7701127145253435,-0.4056562116192928,-0.29792179586210904
0.0,-0.9187187430178776,0.5766307456673216,-0.9808244346728879,0.912145934556884,-0.5085053018508195,-0.38143761907184465,-1.2985112193821482,-0.4056562116192928,-0.29792179586210904,-1.2985112193821482,-0.4056562116192928,-0.29792179586210904
0.0,0.4599781159323035,0.4881150290511455,0.5472671669798691,0.8956941857800171,0.7433274817042422,0.8662334222664074,0.7701127145253435,-0.4056562116192928,-0.29792179586210904,0.7701127145253435,-0.4056562116192928,-0.29792179586210904
0.0,2.2601617095810367,-0.8583212237019568,2.4255825648628533,-1.089202623230203,1.6034722976604263,1.4592885899459485,-1.2985112193821482,-0.4056562116192928,3.356585566713095,-1.2985112193821482,-0.4056562116192928,3.356585566713095
0.0,-0.16775488703301591,-0.8583212237019568,0.004425022796126853,-1.089202623230203,-0.6991039023545038,-0.6428757007950328,0.7701127145253435,-0.4056562116192928,-0.29792179586210904,0.7701127145253435,-0.4056562116192928,-0.29792179586210904
0.0,-0.5676348698179065,-0.8583212237019568,-0.45295445589455907,-1.089202623230203,-1.0783402124101882,-1.2648068527922174,0.7701127145253435,-0.4056562116192928,-0.29792179586210904,0.7701127145253435,-0.4056562116192928,-0.29792179586210904
0.0,-0.29181279275738736,0.700054068836356,-0.12542383403552093,0.933467036716031,0.1636881163864536,0.36596007573326733,0.7701127145253435,-0.4056562116192928,-0.29792179586210904,0.7701127145253435,-0.4056562116192928,-0.29792179586210904
0.0,-1.1283766036920653,-0.23684115703767764,-1.3907093212439166,0.6959790694373046,-1.219132182741099,-1.5430277223975242,-1.2985112193821482,-0.4056562116192928,-0.29792179586210904,-1.2985112193821482,-0.4056562116192928,-0.29792179586210904
0.0,1.9114556129074491,-0.8583212237019568,1.3948393329637583,-1.089202623230203,1.2727680386589206,1.247963442337269,-1.2985112193821482,2.4651415936864716,-0.29792179586210904,-1.2985112193821482,2.4651415936864716,-0.29792179586210904
0.0,-0.4257953309397085,1.8227076295809566,-0.2770848280849444,1.0736781839807812,0.7429353035139055,0.8659273421341981,0.7701127145253435,-0.4056562116192928,-0.29792179586210904,0.7701127145253435,-0.4056562116192928,-0.29792179586210904
0.0,2.2601617095810367,-0.8583212237019568,2.0784048842681617,-1.089202623230203,1.6034722976604263,1.4592885899459485,-1.2985112193821482,-0.4056562116192928,3.356585566713095,-1.2985112193821482,-0.4056562116192928,3.356585566713095
,-0.5676348698179065,0.4918551297532374,-0.45295445589455907,0.8964109323750425,-0.228882252140682,-0.04237175035184253,0.7701127145253435,-0.4056562116192928,-0.29792179586210904,0.7701127145253435,-0.4056562116192928,-0.29792179586210904
0.0,2.2601617095810367,-0.8583212237019568,1.649588402949875,-1.089202623230203,1.6034722976604263,1.4592885899459485,-1.2985112193821482,-0.4056562116192928,3.356585566713095,-1.2985112193821482,-0.4056562116192928,3.356585566713095
0.0,-0.7491729385279033,0.882072303004831,-0.7065329688063915,0.9620127744851451,-0.15554493054770063,0.039277990025309205,0.7701127145253435,-0.4056562116192928,-0.29792179586210904,0.7701127145253435,-0.4056562116192928,-0.29792179586210904
0.0,-1.1217601820534322,0.15462271644794653,-1.3762370210248531,0.8221625288654477,-0.9665694281642006,-1.0644969511547784,-1.2985112193821482,-0.4056562116192928,-0.29792179586210904,-1.2985112193821482,-0.4056562116192928,-0.29792179586210904
0.0,-1.0845428103361208,1.1052316448963173,-1.2969349253133382,0.9931895754792561,-0.3332016507702705,-0.16343026874342814,-1.2985112193821482,-0.4056562116192928,-0.29792179586210904,-1.2985112193821482,-0.4056562116192928,-0.29792179586210904
0.0,0.16968261653727434,0.04615979608727997,0.3164003162430596,0.7929044870311597,0.18996405513901915,0.3909994017209267,0.7701127145253435,-0.4056562116192928,-0.29792179586210904,0.7701127145253435,-0.4056562116192928,-0.29792179586210904
0.0,0.3152438925872035,-0.21502390294214127,0.43587028939335737,0.7048895777482888,0.1636881163864536,0.36596007573326733,0.7701127145253435,-0.4056562116192928,-0.29792179586210904,0.7701127145253435,-0.4056562116192928,-0.29792179586210904
0.0,0.5488862817014364,-0.8583212237019568,0.6124205319822708,-1.089202623230203,-0.019459098500831433,0.18391456253384497,-1.2985112193821482,2.4651415936864716,-0.29792179586210904,-1.2985112193821482,2.4651415936864716,-0.29792179586210904
0.0,-0.50643296966055,-0.8583212237019568,-0.374947446226564,-1.089202623230203,-1.020297840240342,-1.1587382651082496,0.7701127145253435,-0.4056562116192928,-0.29792179586210904,0.7701127145253435,-0.4056562116192928,-0.29792179586210904
0.0,-0.5399286042061302,-0.8583212237019568,-0.417220075218335,-1.089202623230203,-1.0520642736576227,-1.216217858007806,0.7701127145253435,-0.4056562116192928,-0.29792179586210904,0.7701127145253435,-0.4056562116192928,-0.29792179586210904
0.0,-0.6743246687408659,0.6476926590070687,-0.5976108961543872,0.924635538994182,-0.2320196776633764,-0.04592642395128182,0.7701127145253435,-0.4056562116192928,-0.29792179586210904,0.7701127145253435,-0.4056562116192928,-0.29792179586210904
0.0,-0.5155305494136705,-0.8583212237019568,-0.38633080439925005,-1.089202623230203,-1.0289257604277515,-1.1742166595642274,0.7701127145253435,-0.4056562116192928,-0.29792179586210904,0.7701127145253435,-0.4056562116192928,-0.29792179586210904
0.0,0.6245616041933029,-0.8583212237019568,0.6660728519649861,-1.089202623230203,0.05230951033080275,0.25687681605406254,-1.2985112193821482,2.4651415936864716,-0.29792179586210904,-1.2985112193821482,2.4651415936864716,-0.29792179586210904
0.0,0.22509514776082692,-0.8583212237019568,0.36282228150445084,-1.089202623230203,-0.32653462153454493,-0.15551132510656074,0.7701127145253435,-0.4056562116192928,-0.29792179586210904,0.7701127145253435,-0.4056562116192928,-0.29792179586210904
0.0,-0.6094010314117781,0.3572115044779272,-0.5082037389268009,0.8692673268533967,-0.3532027384774472,-0.18734234938331087,0.7701127145253435,-0.4056562116192928,-0.29792179586210904,0.7701127145253435,-0.4056562116192928,-0.29792179586210904
0.0,-0.7934202582362625,0.33664095061642146,-0.7741749138030238,0.8648574434796352,-0.5406639134584371,-0.4236318729549806,0.7701127145253435,-0.4056562116192928,-0.29792179586210904,0.7701127145253435,-0.4056562116192928,-0.29792179586210904
0.0,-0.675151721445695,2.7216564170816824,-0.5987790549625288,1.23748023501987,1.0720218274802717,1.1101531552019086,0.7701127145253435,-0.4056562116192928,-0.29792179586210904,0.7701127145253435,-0.4056562116192928,-0.29792179586210904
0.0,-0.7578569919286093,0.30859019535073184,-0.7196090316378072,0.858720099141658,-0.5245846076546283,-0.40244361738257783,0.7701127145253435,-0.4056562116192928,-0.29792179586210904,0.7701127145253435,-0.4056562116192928,-0.29792179586210904
0.0,-0.40884075049071106,-0.8583212237019568,-0.25717014778927966,-1.089202623230203,-0.9277437873208575,-0.9985902735155057,0.7701127145253435,-0.4056562116192928,-0.29792179586210904,0.7701127145253435,-0.4056562116192928,-0.29792179586210904
0.0,1.9093879811453762,2.7216564170816824,1.3938766714079227,1.2299417494626983,3.5231355170852643,2.418656371141797,-1.2985112193821482,2.4651415936864716,-0.29792179586210904,-1.2985112193821482,2.4651415936864716,-0.29792179586210904
0.0,0.9280899468655983,-0.8583212237019568,0.8664732061397549,-1.089202623230203,0.34016830203801307,0.5294060086125936,-1.2985112193821482,2.4651415936864716,-0.29792179586210904,-1.2985112193821482,2.4651415936864716,-0.29792179586210904
0.0,0.1907724605104175,1.115828596885578,0.3342101406282709,0.9945804981178575,0.8829429174641427,0.972830395758469,0.7701127145253435,-0.4056562116192928,-0.29792179586210904,0.7701127145253435,-0.4056562116192928,-0.29792179586210904
0.0,-0.7053391451719587,0.18018007124557486,-0.6419454949677084,0.8286000094280394,-0.5555666846912354,-0.4434352876247608,0.7701127145253435,-0.4056562116192928,-0.29792179586210904,0.7701127145253435,-0.4056562116192928,-0.29792179586210904
0.0,0.4603916422847181,2.258429361374669,0.5475757447970376,1.1125983607443781,1.8575057204510876,1.610043931377641,0.7701127145253435,-0.4056562116192928,-0.29792179586210904,0.7701127145253435,-0.4056562116192928,-0.29792179586210904
,0.43020421855845437,-0.8583212237019568,0.5249090223444909,-1.089202623230203,-0.1320142391274927,0.06490768476518302,0.7701127145253435,-0.4056562116192928,-0.29792179586210904,0.7701127145253435,-0.4056562116192928,-0.29792179586210904
0.0,0.10103724203645549,-0.8583212237019568,0.2571765158753814,-1.089202623230203,-0.44418807863558457,-0.2991751904645995,0.7701127145253435,-0.4056562116192928,-0.29792179586210904,0.7701127145253435,-0.4056562116192928,-0.29792179586210904
0.0,-0.4601180181901179,1.8008903754854202,-0.31808899896101683,1.0715664379886265,0.6966582770541632,0.8295378420468917,0.7701127145253435,-0.4056562116192928,-0.29792179586210904,0.7701127145253435,-0.4056562116192928,-0.29792179586210904
0.0,-0.7231207783257854,-0.8583212237019568,-0.667866637164397,-1.089202623230203,-1.2257992119768246,-1.557022375777814,0.7701127145253435,-0.4056562116192928,-0.29792179586210904,0.7701127145253435,-0.4056562116192928,-0.29792179586210904
0.0,-0.49857596896467304,0.1808034213625902,-0.36517411154565976,0.8287550357833096,-0.3590854113324992,-0.19442010624082431,0.7701127145253435,-0.4056562116192928,-0.29792179586210904,0.7701127145253435,-0.4056562116192928,-0.29792179586210904
0.0,-0.05775687729073993,-0.8583212237019568,0.11219306775251121,-1.089202623230203,-0.5947845037249153,-0.49633015021550514,0.7701127145253435,-0.4056562116192928,-0.29792179586210904,0.7701127145253435,-0.4056562116192928,-0.29792179586210904
0.0,2.2601617095810367,-0.8583212237019568,2.4255825648628533,-1.089202623230203,1.6034722976604263,1.4592885899459485,-1.2985112193821482,-0.4056562116192928,3.356585566713095,-1.2985112193821482,-0.4056562116192928,3.356585566713095
0.0,-0.36087169361062077,-0.8583212237019568,-0.20199405414159058,-1.089202623230203,-0.8822511172417888,-0.9235634514598816,0.7701127145253435,-0.4056562116192928,-0.29792179586210904,0.7701127145253435,-0.4056562116192928,-0.29792179586210904
,-1.1362336043879422,0.0492765466723566,-1.4080480788471152,0.7937931315627281,-1.0465737789929075,-1.2061859059178797,-1.2985112193821482,-0.4056562116192928,-0.29792179586210904,-1.2985112193821482,-0.4056562116192928,-0.29792179586210904
0.0,-1.0200326993594475,0.7150144716447239,-1.1672664875119596,0.9359358794175128,-0.517525400228566,-0.3931992139206887,-1.2985112193821482,-0.4056562116192928,-0.29792179586210904,-1.2985112193821482,-0.4056562116192928,-0.29792179586210904
0.0,0.5083606991648083,-0.8583212237019568,0.583015616328042,-1.089202623230203,-0.057892561153837716,0.1439267162685072,0.7701127145253435,-0.4056562116192928,-0.29792179586210904,0.7701127145253435,-0.4056562116192928,-0.29792179586210904
0.0,-0.4791402304011882,-0.8583212237019568,-0.3412240980832683,-1.089202623230203,-0.9944140796781133,-1.1128831534343013,0.7701127145253435,-0.4056562116192928,-0.29792179586210904,0.7701127145253435,-0.4056562116192928,-0.29792179586210904
0.0,-0.6366937706711399,-0.8583212237019568,-0.5452479919044879,-1.089202623230203,-1.1438339701964337,-1.3902994900725316,0.7701127145253435,-0.4056562116192928,-0.29792179586210904,0.7701127145253435,-0.4056562116192928,-0.29792179586210904
0.0,-0.42951706811143964,0.051146597023402574,-0.28148606690139705,0.7943248556576363,-0.37516471713630795,-0.21387129671018193,0.7701127145253435,-0.4056562116192928,-0.29792179586210904,0.7701127145253435,-0.4056562116192928,-0.29792179586210904
0.0,-0.03708055967001136,-0.8583212237019568,0.13174738894492188,-1.089202623230203,-0.5751755942080754,-0.46973950932365033,0.7701127145253435,-0.4056562116192928,-0.29792179586210904,0.7701127145253435,-0.4056562116192928,-0.29792179586210904
0.0,-0.9943940655097442,-0.24382268595312068,-1.1182244423586896,0.6930615905708285,-1.0964588495883223,-1.2988837044164092,-1.2985112193821482,-0.4056562116192928,-0.29792179586210904,-1.2985112193821482,-0.4056562116192928,-0.29792179586210904
0.0,0.22509514776082692,-0.4294563431954131,0.36282228150445084,0.600199330094451,-0.056716026582827324,0.14516059940968826,0.7701127145253435,-0.4056562116192928,-0.29792179586210904,0.7701127145253435,-0.4056562116192928,-0.29792179586210904
0.0,0.5621191249787026,0.3908724107967548,0.6219187721517087,0.876325069441027,0.7790156970248909,0.8939273436065972,-1.2985112193821482,2.4651415936864716,-0.29792179586210904,-1.2985112193821482,2.4651415936864716,-0.29792179586210904
0.0,-0.016404242049282786,-0.8583212237019568,0.15109103677450728,-1.089202623230203,-0.5555666846912354,-0.4434352876247608,0.7701127145253435,-0.4056562116192928,-0.29792179586210904,0.7701127145253435,-0.4056562116192928,-0.29792179586210904
0.0,2.2601617095810367,-0.8583212237019568,2.4255825648628533,-1.089202623230203,1.6034722976604263,1.4592885899459485,-1.2985112193821482,-0.4056562116192928,3.356585566713095,-1.2985112193821482,-0.4056562116192928,3.356585566713095
0.0,-0.20910752227447307,0.033069443629958145,-0.037823044666996194,0.7891384577238221,-0.17750690920656137,0.015111795542801744,0.7701127145253435,-0.4056562116192928,-0.29792179586210904,0.7701127145253435,-0.4056562116192928,-0.29792179586210904
0.0,1.0521478525899697,0.1808034213625902,0.9423490043744409,0.8287550357833096,1.1115828024304963,1.1379336746569886,-1.2985112193821482,2.4651415936864716,-0.29792179586210904,-1.2985112193821482,2.4651415936864716,-0.29792179586210904
0.0,-0.5126358649467685,1.2785229774265778,-0.38270099228254734,1.0150459875127236,0.31820632337915233,0.5096521267325846,0.7701127145253435,-0.4056562116192928,-0.29792179586210904,0.7701127145253435,-0.4056562116192928,-0.29792179586210904
0.0,-0.3501200084478419,1.198734162448616,-0.18985621263592975,1.0052115699994943,0.422133543818404,0.6017506951217485,0.7701127145253435,-0.4056562116192928,-0.29792179586210904,0.7701127145253435,-0.4056562116192928,-0.29792179586210904
0.0,-0.6003034516586576,-0.8583212237019568,-0.4960235748716678,-1.089202623230203,-1.1093222894467953,-1.3233687017428342,0.7701127145253435,-0.4056562116192928,-0.29792179586210904,0.7701127145253435,-0.4056562116192928,-0.29792179586210904
,-0.6366937706711399,1.0023788755887888,-0.5452479919044879,0.9792857643151653,0.026817927958910828,0.2312101683431799,0.7701127145253435,-0.4056562116192928,-0.29792179586210904,0.7701127145253435,-0.4056562116192928,-0.29792179586210904
0.0,-1.005145750672523,0.43014346816872023,-1.1386276167465448,0.8843227147576846,-0.6826324183603583,-0.6191442475121733,-1.2985112193821482,-0.4056562116192928,-0.29792179586210904,-1.2985112193821482,-0.4056562116192928,-0.29792179586210904
0.0,-0.9811612222324779,0.648316009124084,-1.0934270172077907,0.9247424703047721,-0.5226237167029443,-0.3998722153005919,-1.2985112193821482,-0.4056562116192928,-0.29792179586210904,-1.2985112193821482,-0.4056562116192928,-0.29792179586210904
0.0,2.1202864208768077,0.2842795407871342,1.4895021729661777,0.8532805938091426,2.189680647666356,1.7940973064301353,-1.2985112193821482,2.4651415936864716,-0.29792179586210904,-1.2985112193821482,2.4651415936864716,-0.29792179586210904
0.0,-0.48947838921155246,-0.8583212237019568,-0.3539236843776093,-1.089202623230203,-1.0042185344365333,-1.130151365194686,0.7701127145253435,-0.4056562116192928,-0.29792179586210904,0.7701127145253435,-0.4056562116192928,-0.29792179586210904
0.0,2.2601617095810367,0.450714022030226,2.209385201890179,0.8884152504655367,2.4270464973677037,1.917607614377357,-1.2985112193821482,-0.4056562116192928,3.356585566713095,-1.2985112193821482,-0.4056562116192928,3.356585566713095
0.0,-1.1494664476652086,0.29549984289341,-1.4376340834061643,0.8558053647815664,-0.9042130959006496,-0.9594956232507605,-1.2985112193821482,-0.4056562116192928,-0.29792179586210904,-1.2985112193821482,-0.4056562116192928,-0.29792179586210904
0.0,-0.22564857637105593,-0.8583212237019568,-0.055004611425558236,-1.089202623230203,-0.7540088490016557,-0.7236886636183608,0.7701127145253435,-0.4056562116192928,-0.29792179586210904,0.7701127145253435,-0.4056562116192928,-0.29792179586210904
0.0,-0.5324851298626679,-0.8583212237019568,-0.40773977145414,-1.089202623230203,-1.0450050662315604,-1.2033271870293765,0.7701127145253435,-0.4056562116192928,-0.29792179586210904,0.7701127145253435,-0.4056562116192928,-0.29792179586210904
0.0,0.12171355965718407,-0.8583212237019568,0.2752214921359293,-1.089202623230203,-0.4245791691187446,-0.274636596420936,0.7701127145253435,-0.4056562116192928,-0.29792179586210904,0.7701127145253435,-0.4056562116192928,-0.29792179586210904
0.0,2.2601617095810367,-0.8583212237019568,1.5915393608952362,-1.089202623230203,1.6034722976604263,1.4592885899459485,-1.2985112193821482,-0.4056562116192928,3.356585566713095,-1.2985112193821482,-0.4056562116192928,3.356585566713095
0.0,-0.4572233337232159,-0.8583212237019568,-0.31459442808904475,-1.089202623230203,-0.9736286355902629,-1.0766734544900394,0.7701127145253435,-0.4056562116192928,-0.29792179586210904,0.7701127145253435,-0.4056562116192928,-0.29792179586210904
0.0,0.5166312262130998,2.6480231845092472,0.5890558576001897,1.1430402904422379,2.1559533232973918,1.7760296751057707,0.7701127145253435,-0.4056562116192928,-0.29792179586210904,0.7701127145253435,-0.4056562116192928,-0.29792179586210904
,-0.2231674182565685,1.2417453205226736,-0.05241687133104013,1.0105593680697271,0.5695925433850404,0.7267391434767808,0.7701127145253435,-0.4056562116192928,-0.29792179586210904,0.7701127145253435,-0.4056562116192928,-0.29792179586210904
0.0,-0.42620885729212304,-0.7074704953842481,-0.27757332217713504,0.3307891333514907,-0.8493081492534977,-0.8706374718089595,0.7701127145253435,-0.4056562116192928,-0.29792179586210904,0.7701127145253435,-0.4056562116192928,-0.29792179586210904
0.0,-1.5220536911907372,0.8702286507815398,-2.5701253431867976,0.9602482185575149,-0.8959773539035768,-0.9459590261080817,-1.2985112193821482,-0.4056562116192928,-0.29792179586210904,-1.2985112193821482,-0.4056562116192928,-0.29792179586210904
0.0,-0.19670173170203592,-0.8583212237019568,-0.0250439158103608,-1.089202623230203,-0.7265563756780797,-0.6829479133872226,0.7701127145253435,-0.4056562116192928,-0.29792179586210904,0.7701127145253435,-0.4056562116192928,-0.29792179586210904
0.0,-0.004411977829260215,-0.8583212237019568,0.16221559767446433,-1.089202623230203,-0.5441935171714682,-0.4283076627005808,0.7701127145253435,-0.4056562116192928,-0.29792179586210904,0.7701127145253435,-0.4056562116192928,-0.29792179586210904
0.0,1.9234478771274717,-0.8583212237019568,1.4004126144758668,-1.089202623230203,1.2841412061786879,1.2555430224164585,-1.2985112193821482,2.4651415936864716,-0.29792179586210904,-1.2985112193821482,2.4651415936864716,-0.29792179586210904
0.0,2.2601617095810367,-0.8583212237019568,2.4255825648628533,-1.089202623230203,1.6034722976604263,1.4592885899459485,-1.2985112193821482,-0.4056562116192928,3.356585566713095,-1.2985112193821482,-0.4056562116192928,3.356585566713095
0.0,0.0749850818343375,-0.8583212237019568,0.23417854330201576,-1.089202623230203,-0.4688953046268029,-0.3304490808062467,0.7701127145253435,-0.4056562116192928,-0.29792179586210904,0.7701127145253435,-0.4056562116192928,-0.29792179586210904
0.0,0.700650453037584,2.7216564170816824,0.7184488937753268,1.208633890310521,2.3767986667308016,1.89197794150649,-1.2985112193821482,2.4651415936864716,-0.29792179586210904,-1.2985112193821482,2.4651415936864716,-0.29792179586210904
